location,location_type,country,state_province,district_county_municipality,city,alt_name1,alt_name2
Colombia,country,Colombia,NA,NA,NA,NA,NA
Colombia-Antioquia-Unknown,municipality,Colombia,Antioquia,Unknown,NA,5000,NA
Colombia-Antioquia-Medellin,municipality,Colombia,Antioquia,Medellin,NA,5001,NA
Colombia-Antioquia-Abejorral,municipality,Colombia,Antioquia,Abejorral,NA,5002,NA
Colombia-Antioquia-Abriaqui,municipality,Colombia,Antioquia,Abriaqui,NA,5004,NA
Colombia-Antioquia-Alejandria,municipality,Colombia,Antioquia,Alejandria,NA,5021,NA
Colombia-Antioquia-Amaga,municipality,Colombia,Antioquia,Amaga,NA,5030,NA
Colombia-Antioquia-Amalfi,municipality,Colombia,Antioquia,Amalfi,NA,5031,NA
Colombia-Antioquia-Andes,municipality,Colombia,Antioquia,Andes,NA,5034,NA
Colombia-Antioquia-Angelopolis,municipality,Colombia,Antioquia,Angelopolis,NA,5036,NA
Colombia-Antioquia-Angostura,municipality,Colombia,Antioquia,Angostura,NA,5038,NA
Colombia-Antioquia-Anori,municipality,Colombia,Antioquia,Anori,NA,5040,NA
Colombia-Antioquia-Santafe_De_Antioquia,municipality,Colombia,Antioquia,Santafe_De_Antioquia,NA,5042,NA
Colombia-Antioquia-Anza,municipality,Colombia,Antioquia,Anza,NA,5044,NA
Colombia-Antioquia-Apartado,municipality,Colombia,Antioquia,Apartado,NA,5045,NA
Colombia-Antioquia-Arboletes,municipality,Colombia,Antioquia,Arboletes,NA,5051,NA
Colombia-Antioquia-Argelia,municipality,Colombia,Antioquia,Argelia,NA,5055,NA
Colombia-Antioquia-Armenia,municipality,Colombia,Antioquia,Armenia,NA,5059,NA
Colombia-Antioquia-Barbosa,municipality,Colombia,Antioquia,Barbosa,NA,5079,NA
Colombia-Antioquia-Belmira,municipality,Colombia,Antioquia,Belmira,NA,5086,NA
Colombia-Antioquia-Bello,municipality,Colombia,Antioquia,Bello,NA,5088,NA
Colombia-Antioquia-Betania,municipality,Colombia,Antioquia,Betania,NA,5091,NA
Colombia-Antioquia-Betulia,municipality,Colombia,Antioquia,Betulia,NA,5093,NA
Colombia-Antioquia-Ciudad_Bolivar,municipality,Colombia,Antioquia,Ciudad_Bolivar,NA,5101,NA
Colombia-Antioquia-Briceno,municipality,Colombia,Antioquia,Briceno,NA,5107,NA
Colombia-Antioquia-Buritica,municipality,Colombia,Antioquia,Buritica,NA,5113,NA
Colombia-Antioquia-Caceres,municipality,Colombia,Antioquia,Caceres,NA,5120,NA
Colombia-Antioquia-Caicedo,municipality,Colombia,Antioquia,Caicedo,NA,5125,NA
Colombia-Antioquia-Caldas,municipality,Colombia,Antioquia,Caldas,NA,5129,NA
Colombia-Antioquia-Campamento,municipality,Colombia,Antioquia,Campamento,NA,5134,NA
Colombia-Antioquia-Canasgordas,municipality,Colombia,Antioquia,Canasgordas,NA,5138,NA
Colombia-Antioquia-Caracoli,municipality,Colombia,Antioquia,Caracoli,NA,5142,NA
Colombia-Antioquia-Caramanta,municipality,Colombia,Antioquia,Caramanta,NA,5145,NA
Colombia-Antioquia-Carepa,municipality,Colombia,Antioquia,Carepa,NA,5147,NA
Colombia-Antioquia-El_Carmen_De_Viboral,municipality,Colombia,Antioquia,El_Carmen_De_Viboral,NA,5148,NA
Colombia-Antioquia-Carolina,municipality,Colombia,Antioquia,Carolina,NA,5150,NA
Colombia-Antioquia-Caucasia,municipality,Colombia,Antioquia,Caucasia,NA,5154,NA
Colombia-Antioquia-Chigorodo,municipality,Colombia,Antioquia,Chigorodo,NA,5172,NA
Colombia-Antioquia-Cisneros,municipality,Colombia,Antioquia,Cisneros,NA,5190,NA
Colombia-Antioquia-Cocorna,municipality,Colombia,Antioquia,Cocorna,NA,5197,NA
Colombia-Antioquia-Concepcion,municipality,Colombia,Antioquia,Concepcion,NA,5206,NA
Colombia-Antioquia-Concordia,municipality,Colombia,Antioquia,Concordia,NA,5209,NA
Colombia-Antioquia-Copacabana,municipality,Colombia,Antioquia,Copacabana,NA,5212,NA
Colombia-Antioquia-Dabeiba,municipality,Colombia,Antioquia,Dabeiba,NA,5234,NA
Colombia-Antioquia-Don_Matias,municipality,Colombia,Antioquia,Don_Matias,NA,5237,NA
Colombia-Antioquia-Ebejico,municipality,Colombia,Antioquia,Ebejico,NA,5240,NA
Colombia-Antioquia-El_Bagre,municipality,Colombia,Antioquia,El_Bagre,NA,5250,NA
Colombia-Antioquia-Entrerrios,municipality,Colombia,Antioquia,Entrerrios,NA,5264,NA
Colombia-Antioquia-Envigado,municipality,Colombia,Antioquia,Envigado,NA,5266,NA
Colombia-Antioquia-Fredonia,municipality,Colombia,Antioquia,Fredonia,NA,5282,NA
Colombia-Antioquia-Frontino,municipality,Colombia,Antioquia,Frontino,NA,5284,NA
Colombia-Antioquia-Giraldo,municipality,Colombia,Antioquia,Giraldo,NA,5306,NA
Colombia-Antioquia-Girardota,municipality,Colombia,Antioquia,Girardota,NA,5308,NA
Colombia-Antioquia-Gomez_Plata,municipality,Colombia,Antioquia,Gomez_Plata,NA,5310,NA
Colombia-Antioquia-Granada,municipality,Colombia,Antioquia,Granada,NA,5313,NA
Colombia-Antioquia-Guadalupe,municipality,Colombia,Antioquia,Guadalupe,NA,5315,NA
Colombia-Antioquia-Guarne,municipality,Colombia,Antioquia,Guarne,NA,5318,NA
Colombia-Antioquia-Guatape,municipality,Colombia,Antioquia,Guatape,NA,5321,NA
Colombia-Antioquia-Heliconia,municipality,Colombia,Antioquia,Heliconia,NA,5347,NA
Colombia-Antioquia-Hispania,municipality,Colombia,Antioquia,Hispania,NA,5353,NA
Colombia-Antioquia-Itagui,municipality,Colombia,Antioquia,Itagui,NA,5360,NA
Colombia-Antioquia-Ituango,municipality,Colombia,Antioquia,Ituango,NA,5361,NA
Colombia-Antioquia-Jardin,municipality,Colombia,Antioquia,Jardin,NA,5364,NA
Colombia-Antioquia-Jerico,municipality,Colombia,Antioquia,Jerico,NA,5368,NA
Colombia-Antioquia-La_Ceja,municipality,Colombia,Antioquia,La_Ceja,NA,5376,NA
Colombia-Antioquia-La_Estrella,municipality,Colombia,Antioquia,La_Estrella,NA,5380,NA
Colombia-Antioquia-La_Pintada,municipality,Colombia,Antioquia,La_Pintada,NA,5390,NA
Colombia-Antioquia-La_Union,municipality,Colombia,Antioquia,La_Union,NA,5400,NA
Colombia-Antioquia-Liborina,municipality,Colombia,Antioquia,Liborina,NA,5411,NA
Colombia-Antioquia-Maceo,municipality,Colombia,Antioquia,Maceo,NA,5425,NA
Colombia-Antioquia-Marinilla,municipality,Colombia,Antioquia,Marinilla,NA,5440,NA
Colombia-Antioquia-Montebello,municipality,Colombia,Antioquia,Montebello,NA,5467,NA
Colombia-Antioquia-Murindo,municipality,Colombia,Antioquia,Murindo,NA,5475,NA
Colombia-Antioquia-Mutata,municipality,Colombia,Antioquia,Mutata,NA,5480,NA
Colombia-Antioquia-Narino,municipality,Colombia,Antioquia,Narino,NA,5483,NA
Colombia-Antioquia-Necocli,municipality,Colombia,Antioquia,Necocli,NA,5490,NA
Colombia-Antioquia-Nechi,municipality,Colombia,Antioquia,Nechi,NA,5495,NA
Colombia-Antioquia-Olaya,municipality,Colombia,Antioquia,Olaya,NA,5501,NA
Colombia-Antioquia-Penol,municipality,Colombia,Antioquia,Penol,NA,5541,NA
Colombia-Antioquia-Peque,municipality,Colombia,Antioquia,Peque,NA,5543,NA
Colombia-Antioquia-Pueblorrico,municipality,Colombia,Antioquia,Pueblorrico,NA,5576,NA
Colombia-Antioquia-Puerto_Berrio,municipality,Colombia,Antioquia,Puerto_Berrio,NA,5579,NA
Colombia-Antioquia-Puerto_Nare,municipality,Colombia,Antioquia,Puerto_Nare,NA,5585,NA
Colombia-Antioquia-Puerto_Triunfo,municipality,Colombia,Antioquia,Puerto_Triunfo,NA,5591,NA
Colombia-Antioquia-Remedios,municipality,Colombia,Antioquia,Remedios,NA,5604,NA
Colombia-Antioquia-Retiro,municipality,Colombia,Antioquia,Retiro,NA,5607,NA
Colombia-Antioquia-Rionegro,municipality,Colombia,Antioquia,Rionegro,NA,5615,NA
Colombia-Antioquia-Sabanalarga,municipality,Colombia,Antioquia,Sabanalarga,NA,5628,NA
Colombia-Antioquia-Sabaneta,municipality,Colombia,Antioquia,Sabaneta,NA,5631,NA
Colombia-Antioquia-Salgar,municipality,Colombia,Antioquia,Salgar,NA,5642,NA
Colombia-Antioquia-San_Andres_De_Cuerquia,municipality,Colombia,Antioquia,San_Andres_De_Cuerquia,NA,5647,NA
Colombia-Antioquia-San_Carlos,municipality,Colombia,Antioquia,San_Carlos,NA,5649,NA
Colombia-Antioquia-San_Francisco,municipality,Colombia,Antioquia,San_Francisco,NA,5652,NA
Colombia-Antioquia-San_Jeronimo,municipality,Colombia,Antioquia,San_Jeronimo,NA,5656,NA
Colombia-Antioquia-San_Jose_De_La_Montana,municipality,Colombia,Antioquia,San_Jose_De_La_Montana,NA,5658,NA
Colombia-Antioquia-San_Juan_De_Uraba,municipality,Colombia,Antioquia,San_Juan_De_Uraba,NA,5659,NA
Colombia-Antioquia-San_Luis,municipality,Colombia,Antioquia,San_Luis,NA,5660,NA
Colombia-Antioquia-San_Pedro,municipality,Colombia,Antioquia,San_Pedro,NA,5664,NA
Colombia-Antioquia-San_Pedro_De_Uraba,municipality,Colombia,Antioquia,San_Pedro_De_Uraba,NA,5665,NA
Colombia-Antioquia-San_Rafael,municipality,Colombia,Antioquia,San_Rafael,NA,5667,NA
Colombia-Antioquia-San_Roque,municipality,Colombia,Antioquia,San_Roque,NA,5670,NA
Colombia-Antioquia-San_Vicente,municipality,Colombia,Antioquia,San_Vicente,NA,5674,NA
Colombia-Antioquia-Santa_Barbara,municipality,Colombia,Antioquia,Santa_Barbara,NA,5679,NA
Colombia-Antioquia-Santa_Rosa_De_Osos,municipality,Colombia,Antioquia,Santa_Rosa_De_Osos,NA,5686,NA
Colombia-Antioquia-Santo_Domingo,municipality,Colombia,Antioquia,Santo_Domingo,NA,5690,NA
Colombia-Antioquia-El_Santuario,municipality,Colombia,Antioquia,El_Santuario,NA,5697,NA
Colombia-Antioquia-Segovia,municipality,Colombia,Antioquia,Segovia,NA,5736,NA
Colombia-Antioquia-Sonson,municipality,Colombia,Antioquia,Sonson,NA,5756,NA
Colombia-Antioquia-Sopetran,municipality,Colombia,Antioquia,Sopetran,NA,5761,NA
Colombia-Antioquia-Tamesis,municipality,Colombia,Antioquia,Tamesis,NA,5789,NA
Colombia-Antioquia-Taraza,municipality,Colombia,Antioquia,Taraza,NA,5790,NA
Colombia-Antioquia-Tarso,municipality,Colombia,Antioquia,Tarso,NA,5792,NA
Colombia-Antioquia-Titiribi,municipality,Colombia,Antioquia,Titiribi,NA,5809,NA
Colombia-Antioquia-Toledo,municipality,Colombia,Antioquia,Toledo,NA,5819,NA
Colombia-Antioquia-Turbo,municipality,Colombia,Antioquia,Turbo,NA,5837,NA
Colombia-Antioquia-Uramita,municipality,Colombia,Antioquia,Uramita,NA,5842,NA
Colombia-Antioquia-Urrao,municipality,Colombia,Antioquia,Urrao,NA,5847,NA
Colombia-Antioquia-Valdivia,municipality,Colombia,Antioquia,Valdivia,NA,5854,NA
Colombia-Antioquia-Valparaiso,municipality,Colombia,Antioquia,Valparaiso,NA,5856,NA
Colombia-Antioquia-Vegachi,municipality,Colombia,Antioquia,Vegachi,NA,5858,NA
Colombia-Antioquia-Venecia,municipality,Colombia,Antioquia,Venecia,NA,5861,NA
Colombia-Antioquia-Vigia_Del_Fuerte,municipality,Colombia,Antioquia,Vigia_Del_Fuerte,NA,5873,NA
Colombia-Antioquia-Yali,municipality,Colombia,Antioquia,Yali,NA,5885,NA
Colombia-Antioquia-Yarumal,municipality,Colombia,Antioquia,Yarumal,NA,5887,NA
Colombia-Antioquia-Yolombo,municipality,Colombia,Antioquia,Yolombo,NA,5890,NA
Colombia-Antioquia-Yondo,municipality,Colombia,Antioquia,Yondo,NA,5893,NA
Colombia-Antioquia-Zaragoza,municipality,Colombia,Antioquia,Zaragoza,NA,5895,NA
Colombia-Barranquilla-Barranquilla,municipality,Colombia,Barranquilla,Barranquilla,NA,9001,NA
Colombia-Atlantico-Unknown,municipality,Colombia,Atlantico,Unknown,NA,8000,NA
Colombia-Atlantico-Baranoa,municipality,Colombia,Atlantico,Baranoa,NA,8078,NA
Colombia-Atlantico-Campo_De_La_Cruz,municipality,Colombia,Atlantico,Campo_De_La_Cruz,NA,8137,NA
Colombia-Atlantico-Candelaria,municipality,Colombia,Atlantico,Candelaria,NA,8141,NA
Colombia-Atlantico-Galapa,municipality,Colombia,Atlantico,Galapa,NA,8296,NA
Colombia-Atlantico-Juan_De_Acosta,municipality,Colombia,Atlantico,Juan_De_Acosta,NA,8372,NA
Colombia-Atlantico-Luruaco,municipality,Colombia,Atlantico,Luruaco,NA,8421,NA
Colombia-Atlantico-Malambo,municipality,Colombia,Atlantico,Malambo,NA,8433,NA
Colombia-Atlantico-Manati,municipality,Colombia,Atlantico,Manati,NA,8436,NA
Colombia-Atlantico-Palmar_De_Varela,municipality,Colombia,Atlantico,Palmar_De_Varela,NA,8520,NA
Colombia-Atlantico-Piojo,municipality,Colombia,Atlantico,Piojo,NA,8549,NA
Colombia-Atlantico-Polonuevo,municipality,Colombia,Atlantico,Polonuevo,NA,8558,NA
Colombia-Atlantico-Ponedera,municipality,Colombia,Atlantico,Ponedera,NA,8560,NA
Colombia-Atlantico-Puerto_Colombia,municipality,Colombia,Atlantico,Puerto_Colombia,NA,8573,NA
Colombia-Atlantico-Repelon,municipality,Colombia,Atlantico,Repelon,NA,8606,NA
Colombia-Atlantico-Sabanagrande,municipality,Colombia,Atlantico,Sabanagrande,NA,8634,NA
Colombia-Atlantico-Sabanalarga,municipality,Colombia,Atlantico,Sabanalarga,NA,8638,NA
Colombia-Atlantico-Santa_Lucia,municipality,Colombia,Atlantico,Santa_Lucia,NA,8675,NA
Colombia-Atlantico-Santo_Tomas,municipality,Colombia,Atlantico,Santo_Tomas,NA,8685,NA
Colombia-Atlantico-Soledad,municipality,Colombia,Atlantico,Soledad,NA,8758,NA
Colombia-Atlantico-Suan,municipality,Colombia,Atlantico,Suan,NA,8770,NA
Colombia-Atlantico-Tubara,municipality,Colombia,Atlantico,Tubara,NA,8832,NA
Colombia-Atlantico-Usiacuri,municipality,Colombia,Atlantico,Usiacuri,NA,8849,NA
Colombia-Cartagena-Cartagena,municipality,Colombia,Cartagena,Cartagena,NA,14001,NA
Colombia-Bolivar-Unknown,municipality,Colombia,Bolivar,Unknown,NA,13000,NA
Colombia-Bolivar-Achi,municipality,Colombia,Bolivar,Achi,NA,13006,NA
Colombia-Bolivar-Altos_Del_Rosario,municipality,Colombia,Bolivar,Altos_Del_Rosario,NA,13030,NA
Colombia-Bolivar-Arenal,municipality,Colombia,Bolivar,Arenal,NA,13042,NA
Colombia-Bolivar-Arjona,municipality,Colombia,Bolivar,Arjona,NA,13052,NA
Colombia-Bolivar-Arroyohondo,municipality,Colombia,Bolivar,Arroyohondo,NA,13062,NA
Colombia-Bolivar-Barranco_De_Loba,municipality,Colombia,Bolivar,Barranco_De_Loba,NA,13074,NA
Colombia-Bolivar-Calamar,municipality,Colombia,Bolivar,Calamar,NA,13140,NA
Colombia-Bolivar-Cantagallo,municipality,Colombia,Bolivar,Cantagallo,NA,13160,NA
Colombia-Bolivar-Cicuco,municipality,Colombia,Bolivar,Cicuco,NA,13188,NA
Colombia-Bolivar-Cordoba,municipality,Colombia,Bolivar,Cordoba,NA,13212,NA
Colombia-Bolivar-Clemencia,municipality,Colombia,Bolivar,Clemencia,NA,13222,NA
Colombia-Bolivar-El_Carmen_De_Bolivar,municipality,Colombia,Bolivar,El_Carmen_De_Bolivar,NA,13244,NA
Colombia-Bolivar-El_Guamo,municipality,Colombia,Bolivar,El_Guamo,NA,13248,NA
Colombia-Bolivar-El_Penon,municipality,Colombia,Bolivar,El_Penon,NA,13268,NA
Colombia-Bolivar-Hatillo_De_Loba,municipality,Colombia,Bolivar,Hatillo_De_Loba,NA,13300,NA
Colombia-Bolivar-Magangue,municipality,Colombia,Bolivar,Magangue,NA,13430,NA
Colombia-Bolivar-Mahates,municipality,Colombia,Bolivar,Mahates,NA,13433,NA
Colombia-Bolivar-Margarita,municipality,Colombia,Bolivar,Margarita,NA,13440,NA
Colombia-Bolivar-Maria_La_Baja,municipality,Colombia,Bolivar,Maria_La_Baja,NA,13442,NA
Colombia-Bolivar-Montecristo,municipality,Colombia,Bolivar,Montecristo,NA,13458,NA
Colombia-Bolivar-Mompos,municipality,Colombia,Bolivar,Mompos,NA,13468,NA
Colombia-Bolivar-Norosi,municipality,Colombia,Bolivar,Norosi,NA,13490,NA
Colombia-Bolivar-Morales,municipality,Colombia,Bolivar,Morales,NA,13473,NA
Colombia-Bolivar-Pinillos,municipality,Colombia,Bolivar,Pinillos,NA,13549,NA
Colombia-Bolivar-Regidor,municipality,Colombia,Bolivar,Regidor,NA,13580,NA
Colombia-Bolivar-Rio_Viejo,municipality,Colombia,Bolivar,Rio_Viejo,NA,13600,NA
Colombia-Bolivar-San_Cristobal,municipality,Colombia,Bolivar,San_Cristobal,NA,13620,NA
Colombia-Bolivar-San_Estanislao,municipality,Colombia,Bolivar,San_Estanislao,NA,13647,NA
Colombia-Bolivar-San_Fernando,municipality,Colombia,Bolivar,San_Fernando,NA,13650,NA
Colombia-Bolivar-San_Jacinto,municipality,Colombia,Bolivar,San_Jacinto,NA,13654,NA
Colombia-Bolivar-San_Jacinto_Del_Cauca,municipality,Colombia,Bolivar,San_Jacinto_Del_Cauca,NA,13655,NA
Colombia-Bolivar-San_Juan_Nepomuceno,municipality,Colombia,Bolivar,San_Juan_Nepomuceno,NA,13657,NA
Colombia-Bolivar-San_Martin_De_Loba,municipality,Colombia,Bolivar,San_Martin_De_Loba,NA,13667,NA
Colombia-Bolivar-San_Pablo,municipality,Colombia,Bolivar,San_Pablo,NA,13670,NA
Colombia-Bolivar-Santa_Catalina,municipality,Colombia,Bolivar,Santa_Catalina,NA,13673,NA
Colombia-Bolivar-Santa_Rosa,municipality,Colombia,Bolivar,Santa_Rosa,NA,13683,NA
Colombia-Bolivar-Santa_Rosa_Del_Sur,municipality,Colombia,Bolivar,Santa_Rosa_Del_Sur,NA,13688,NA
Colombia-Bolivar-Simiti,municipality,Colombia,Bolivar,Simiti,NA,13744,NA
Colombia-Bolivar-Soplaviento,municipality,Colombia,Bolivar,Soplaviento,NA,13760,NA
Colombia-Bolivar-Talaigua_Nuevo,municipality,Colombia,Bolivar,Talaigua_Nuevo,NA,13780,NA
Colombia-Bolivar-Tiquisio,municipality,Colombia,Bolivar,Tiquisio,NA,13810,NA
Colombia-Bolivar-Turbaco,municipality,Colombia,Bolivar,Turbaco,NA,13836,NA
Colombia-Bolivar-Turbana,municipality,Colombia,Bolivar,Turbana,NA,13838,NA
Colombia-Bolivar-Villanueva,municipality,Colombia,Bolivar,Villanueva,NA,13873,NA
Colombia-Bolivar-Zambrano,municipality,Colombia,Bolivar,Zambrano,NA,13894,NA
Colombia-Boyaca-Unknown,municipality,Colombia,Boyaca,Unknown,NA,15000,NA
Colombia-Boyaca-Tunja,municipality,Colombia,Boyaca,Tunja,NA,15001,NA
Colombia-Boyaca-Almeida,municipality,Colombia,Boyaca,Almeida,NA,15022,NA
Colombia-Boyaca-Aquitania,municipality,Colombia,Boyaca,Aquitania,NA,15047,NA
Colombia-Boyaca-Arcabuco,municipality,Colombia,Boyaca,Arcabuco,NA,15051,NA
Colombia-Boyaca-Belen,municipality,Colombia,Boyaca,Belen,NA,15087,NA
Colombia-Boyaca-Berbeo,municipality,Colombia,Boyaca,Berbeo,NA,15090,NA
Colombia-Boyaca-Beteitiva,municipality,Colombia,Boyaca,Beteitiva,NA,15092,NA
Colombia-Boyaca-Boavita,municipality,Colombia,Boyaca,Boavita,NA,15097,NA
Colombia-Boyaca-Boyaca,municipality,Colombia,Boyaca,Boyaca,NA,15104,NA
Colombia-Boyaca-Briceno,municipality,Colombia,Boyaca,Briceno,NA,15106,NA
Colombia-Boyaca-Buenavista,municipality,Colombia,Boyaca,Buenavista,NA,15109,NA
Colombia-Boyaca-Busbanza,municipality,Colombia,Boyaca,Busbanza,NA,15114,NA
Colombia-Boyaca-Caldas,municipality,Colombia,Boyaca,Caldas,NA,15131,NA
Colombia-Boyaca-Campohermoso,municipality,Colombia,Boyaca,Campohermoso,NA,15135,NA
Colombia-Boyaca-Cerinza,municipality,Colombia,Boyaca,Cerinza,NA,15162,NA
Colombia-Boyaca-Chinavita,municipality,Colombia,Boyaca,Chinavita,NA,15172,NA
Colombia-Boyaca-Chiquinquira,municipality,Colombia,Boyaca,Chiquinquira,NA,15176,NA
Colombia-Boyaca-Chiscas,municipality,Colombia,Boyaca,Chiscas,NA,15180,NA
Colombia-Boyaca-Chita,municipality,Colombia,Boyaca,Chita,NA,15183,NA
Colombia-Boyaca-Chitaraque,municipality,Colombia,Boyaca,Chitaraque,NA,15185,NA
Colombia-Boyaca-Chivata,municipality,Colombia,Boyaca,Chivata,NA,15187,NA
Colombia-Boyaca-Cienega,municipality,Colombia,Boyaca,Cienega,NA,15189,NA
Colombia-Boyaca-Combita,municipality,Colombia,Boyaca,Combita,NA,15204,NA
Colombia-Boyaca-Coper,municipality,Colombia,Boyaca,Coper,NA,15212,NA
Colombia-Boyaca-Corrales,municipality,Colombia,Boyaca,Corrales,NA,15215,NA
Colombia-Boyaca-Covarachia,municipality,Colombia,Boyaca,Covarachia,NA,15218,NA
Colombia-Boyaca-Cubara,municipality,Colombia,Boyaca,Cubara,NA,15223,NA
Colombia-Boyaca-Cucaita,municipality,Colombia,Boyaca,Cucaita,NA,15224,NA
Colombia-Boyaca-Cuitiva,municipality,Colombia,Boyaca,Cuitiva,NA,15226,NA
Colombia-Boyaca-Chiquiza,municipality,Colombia,Boyaca,Chiquiza,NA,15232,NA
Colombia-Boyaca-Chivor,municipality,Colombia,Boyaca,Chivor,NA,15236,NA
Colombia-Boyaca-Duitama,municipality,Colombia,Boyaca,Duitama,NA,15238,NA
Colombia-Boyaca-El_Cocuy,municipality,Colombia,Boyaca,El_Cocuy,NA,15244,NA
Colombia-Boyaca-El_Espino,municipality,Colombia,Boyaca,El_Espino,NA,15248,NA
Colombia-Boyaca-Firavitoba,municipality,Colombia,Boyaca,Firavitoba,NA,15272,NA
Colombia-Boyaca-Floresta,municipality,Colombia,Boyaca,Floresta,NA,15276,NA
Colombia-Boyaca-Gachantiva,municipality,Colombia,Boyaca,Gachantiva,NA,15293,NA
Colombia-Boyaca-Gameza,municipality,Colombia,Boyaca,Gameza,NA,15296,NA
Colombia-Boyaca-Garagoa,municipality,Colombia,Boyaca,Garagoa,NA,15299,NA
Colombia-Boyaca-Guacamayas,municipality,Colombia,Boyaca,Guacamayas,NA,15317,NA
Colombia-Boyaca-Guateque,municipality,Colombia,Boyaca,Guateque,NA,15322,NA
Colombia-Boyaca-Guayata,municipality,Colombia,Boyaca,Guayata,NA,15325,NA
Colombia-Boyaca-Guican,municipality,Colombia,Boyaca,Guican,NA,15332,NA
Colombia-Boyaca-Iza,municipality,Colombia,Boyaca,Iza,NA,15362,NA
Colombia-Boyaca-Jenesano,municipality,Colombia,Boyaca,Jenesano,NA,15367,NA
Colombia-Boyaca-Jerico,municipality,Colombia,Boyaca,Jerico,NA,15368,NA
Colombia-Boyaca-Labranzagrande,municipality,Colombia,Boyaca,Labranzagrande,NA,15377,NA
Colombia-Boyaca-La_Capilla,municipality,Colombia,Boyaca,La_Capilla,NA,15380,NA
Colombia-Boyaca-La_Victoria,municipality,Colombia,Boyaca,La_Victoria,NA,15401,NA
Colombia-Boyaca-La_Uvita,municipality,Colombia,Boyaca,La_Uvita,NA,15403,NA
Colombia-Boyaca-Villa_De_Leyva,municipality,Colombia,Boyaca,Villa_De_Leyva,NA,15407,NA
Colombia-Boyaca-Macanal,municipality,Colombia,Boyaca,Macanal,NA,15425,NA
Colombia-Boyaca-Maripi,municipality,Colombia,Boyaca,Maripi,NA,15442,NA
Colombia-Boyaca-Miraflores,municipality,Colombia,Boyaca,Miraflores,NA,15455,NA
Colombia-Boyaca-Mongua,municipality,Colombia,Boyaca,Mongua,NA,15464,NA
Colombia-Boyaca-Mongui,municipality,Colombia,Boyaca,Mongui,NA,15466,NA
Colombia-Boyaca-Moniquira,municipality,Colombia,Boyaca,Moniquira,NA,15469,NA
Colombia-Boyaca-Motavita,municipality,Colombia,Boyaca,Motavita,NA,15476,NA
Colombia-Boyaca-Muzo,municipality,Colombia,Boyaca,Muzo,NA,15480,NA
Colombia-Boyaca-Nobsa,municipality,Colombia,Boyaca,Nobsa,NA,15491,NA
Colombia-Boyaca-Nuevo_Colon,municipality,Colombia,Boyaca,Nuevo_Colon,NA,15494,NA
Colombia-Boyaca-Oicata,municipality,Colombia,Boyaca,Oicata,NA,15500,NA
Colombia-Boyaca-Otanche,municipality,Colombia,Boyaca,Otanche,NA,15507,NA
Colombia-Boyaca-Pachavita,municipality,Colombia,Boyaca,Pachavita,NA,15511,NA
Colombia-Boyaca-Paez,municipality,Colombia,Boyaca,Paez,NA,15514,NA
Colombia-Boyaca-Paipa,municipality,Colombia,Boyaca,Paipa,NA,15516,NA
Colombia-Boyaca-Pajarito,municipality,Colombia,Boyaca,Pajarito,NA,15518,NA
Colombia-Boyaca-Panqueba,municipality,Colombia,Boyaca,Panqueba,NA,15522,NA
Colombia-Boyaca-Pauna,municipality,Colombia,Boyaca,Pauna,NA,15531,NA
Colombia-Boyaca-Paya,municipality,Colombia,Boyaca,Paya,NA,15533,NA
Colombia-Boyaca-Paz_De_Rio,municipality,Colombia,Boyaca,Paz_De_Rio,NA,15537,NA
Colombia-Boyaca-Pesca,municipality,Colombia,Boyaca,Pesca,NA,15542,NA
Colombia-Boyaca-Pisba,municipality,Colombia,Boyaca,Pisba,NA,15550,NA
Colombia-Boyaca-Puerto_Boyaca,municipality,Colombia,Boyaca,Puerto_Boyaca,NA,15572,NA
Colombia-Boyaca-Quipama,municipality,Colombia,Boyaca,Quipama,NA,15580,NA
Colombia-Boyaca-Ramiriqui,municipality,Colombia,Boyaca,Ramiriqui,NA,15599,NA
Colombia-Boyaca-Raquira,municipality,Colombia,Boyaca,Raquira,NA,15600,NA
Colombia-Boyaca-Rondon,municipality,Colombia,Boyaca,Rondon,NA,15621,NA
Colombia-Boyaca-Saboya,municipality,Colombia,Boyaca,Saboya,NA,15632,NA
Colombia-Boyaca-Sachica,municipality,Colombia,Boyaca,Sachica,NA,15638,NA
Colombia-Boyaca-Samaca,municipality,Colombia,Boyaca,Samaca,NA,15646,NA
Colombia-Boyaca-San_Eduardo,municipality,Colombia,Boyaca,San_Eduardo,NA,15660,NA
Colombia-Boyaca-San_Jose_De_Pare,municipality,Colombia,Boyaca,San_Jose_De_Pare,NA,15664,NA
Colombia-Boyaca-San_Luis_De_Gaceno,municipality,Colombia,Boyaca,San_Luis_De_Gaceno,NA,15667,NA
Colombia-Boyaca-San_Mateo,municipality,Colombia,Boyaca,San_Mateo,NA,15673,NA
Colombia-Boyaca-San_Miguel_De_Sema,municipality,Colombia,Boyaca,San_Miguel_De_Sema,NA,15676,NA
Colombia-Boyaca-San_Pablo_De_Borbur,municipality,Colombia,Boyaca,San_Pablo_De_Borbur,NA,15681,NA
Colombia-Boyaca-Santana,municipality,Colombia,Boyaca,Santana,NA,15686,NA
Colombia-Boyaca-Santa_Maria,municipality,Colombia,Boyaca,Santa_Maria,NA,15690,NA
Colombia-Boyaca-Santa_Rosa_De_Viterbo,municipality,Colombia,Boyaca,Santa_Rosa_De_Viterbo,NA,15693,NA
Colombia-Boyaca-Santa_Sofia,municipality,Colombia,Boyaca,Santa_Sofia,NA,15696,NA
Colombia-Boyaca-Sativanorte,municipality,Colombia,Boyaca,Sativanorte,NA,15720,NA
Colombia-Boyaca-Sativasur,municipality,Colombia,Boyaca,Sativasur,NA,15723,NA
Colombia-Boyaca-Siachoque,municipality,Colombia,Boyaca,Siachoque,NA,15740,NA
Colombia-Boyaca-Soata,municipality,Colombia,Boyaca,Soata,NA,15753,NA
Colombia-Boyaca-Socota,municipality,Colombia,Boyaca,Socota,NA,15755,NA
Colombia-Boyaca-Socha,municipality,Colombia,Boyaca,Socha,NA,15757,NA
Colombia-Boyaca-Sogamoso,municipality,Colombia,Boyaca,Sogamoso,NA,15759,NA
Colombia-Boyaca-Somondoco,municipality,Colombia,Boyaca,Somondoco,NA,15761,NA
Colombia-Boyaca-Sora,municipality,Colombia,Boyaca,Sora,NA,15762,NA
Colombia-Boyaca-Sotaquira,municipality,Colombia,Boyaca,Sotaquira,NA,15763,NA
Colombia-Boyaca-Soraca,municipality,Colombia,Boyaca,Soraca,NA,15764,NA
Colombia-Boyaca-Susacon,municipality,Colombia,Boyaca,Susacon,NA,15774,NA
Colombia-Boyaca-Sutamarchan,municipality,Colombia,Boyaca,Sutamarchan,NA,15776,NA
Colombia-Boyaca-Sutatenza,municipality,Colombia,Boyaca,Sutatenza,NA,15778,NA
Colombia-Boyaca-Tasco,municipality,Colombia,Boyaca,Tasco,NA,15790,NA
Colombia-Boyaca-Tenza,municipality,Colombia,Boyaca,Tenza,NA,15798,NA
Colombia-Boyaca-Tibana,municipality,Colombia,Boyaca,Tibana,NA,15804,NA
Colombia-Boyaca-Tibasosa,municipality,Colombia,Boyaca,Tibasosa,NA,15806,NA
Colombia-Boyaca-Tinjaca,municipality,Colombia,Boyaca,Tinjaca,NA,15808,NA
Colombia-Boyaca-Tipacoque,municipality,Colombia,Boyaca,Tipacoque,NA,15810,NA
Colombia-Boyaca-Toca,municipality,Colombia,Boyaca,Toca,NA,15814,NA
Colombia-Boyaca-Togui,municipality,Colombia,Boyaca,Togui,NA,15816,NA
Colombia-Boyaca-Topaga,municipality,Colombia,Boyaca,Topaga,NA,15820,NA
Colombia-Boyaca-Tota,municipality,Colombia,Boyaca,Tota,NA,15822,NA
Colombia-Boyaca-Tunungua,municipality,Colombia,Boyaca,Tunungua,NA,15832,NA
Colombia-Boyaca-Turmeque,municipality,Colombia,Boyaca,Turmeque,NA,15835,NA
Colombia-Boyaca-Tuta,municipality,Colombia,Boyaca,Tuta,NA,15837,NA
Colombia-Boyaca-Tutaza,municipality,Colombia,Boyaca,Tutaza,NA,15839,NA
Colombia-Boyaca-Umbita,municipality,Colombia,Boyaca,Umbita,NA,15842,NA
Colombia-Boyaca-Ventaquemada,municipality,Colombia,Boyaca,Ventaquemada,NA,15861,NA
Colombia-Boyaca-Viracacha,municipality,Colombia,Boyaca,Viracacha,NA,15879,NA
Colombia-Boyaca-Zetaquira,municipality,Colombia,Boyaca,Zetaquira,NA,15897,NA
Colombia-Caldas-Unknown,municipality,Colombia,Caldas,Unknown,NA,17000,NA
Colombia-Caldas-Manizales,municipality,Colombia,Caldas,Manizales,NA,17001,NA
Colombia-Caldas-Aguadas,municipality,Colombia,Caldas,Aguadas,NA,17013,NA
Colombia-Caldas-Anserma,municipality,Colombia,Caldas,Anserma,NA,17042,NA
Colombia-Caldas-Aranzazu,municipality,Colombia,Caldas,Aranzazu,NA,17050,NA
Colombia-Caldas-Belalcazar,municipality,Colombia,Caldas,Belalcazar,NA,17088,NA
Colombia-Caldas-Chinchina,municipality,Colombia,Caldas,Chinchina,NA,17174,NA
Colombia-Caldas-Filadelfia,municipality,Colombia,Caldas,Filadelfia,NA,17272,NA
Colombia-Caldas-La_Dorada,municipality,Colombia,Caldas,La_Dorada,NA,17380,NA
Colombia-Caldas-La_Merced,municipality,Colombia,Caldas,La_Merced,NA,17388,NA
Colombia-Caldas-Manzanares,municipality,Colombia,Caldas,Manzanares,NA,17433,NA
Colombia-Caldas-Marmato,municipality,Colombia,Caldas,Marmato,NA,17442,NA
Colombia-Caldas-Marquetalia,municipality,Colombia,Caldas,Marquetalia,NA,17444,NA
Colombia-Caldas-Marulanda,municipality,Colombia,Caldas,Marulanda,NA,17446,NA
Colombia-Caldas-Neira,municipality,Colombia,Caldas,Neira,NA,17486,NA
Colombia-Caldas-Norcasia,municipality,Colombia,Caldas,Norcasia,NA,17495,NA
Colombia-Caldas-Pacora,municipality,Colombia,Caldas,Pacora,NA,17513,NA
Colombia-Caldas-Palestina,municipality,Colombia,Caldas,Palestina,NA,17524,NA
Colombia-Caldas-Pensilvania,municipality,Colombia,Caldas,Pensilvania,NA,17541,NA
Colombia-Caldas-Riosucio,municipality,Colombia,Caldas,Riosucio,NA,17614,NA
Colombia-Caldas-Risaralda,municipality,Colombia,Caldas,Risaralda,NA,17616,NA
Colombia-Caldas-Salamina,municipality,Colombia,Caldas,Salamina,NA,17653,NA
Colombia-Caldas-Samana,municipality,Colombia,Caldas,Samana,NA,17662,NA
Colombia-Caldas-San_Jose,municipality,Colombia,Caldas,San_Jose,NA,17665,NA
Colombia-Caldas-Supia,municipality,Colombia,Caldas,Supia,NA,17777,NA
Colombia-Caldas-Victoria,municipality,Colombia,Caldas,Victoria,NA,17867,NA
Colombia-Caldas-Villamaria,municipality,Colombia,Caldas,Villamaria,NA,17873,NA
Colombia-Caldas-Viterbo,municipality,Colombia,Caldas,Viterbo,NA,17877,NA
Colombia-Caqueta-Unknown,municipality,Colombia,Caqueta,Unknown,NA,18000,NA
Colombia-Caqueta-Florencia,municipality,Colombia,Caqueta,Florencia,NA,18001,NA
Colombia-Caqueta-Albania,municipality,Colombia,Caqueta,Albania,NA,18029,NA
Colombia-Caqueta-Belen_De_Los_Andaquies,municipality,Colombia,Caqueta,Belen_De_Los_Andaquies,NA,18094,NA
Colombia-Caqueta-Cartagena_Del_Chaira,municipality,Colombia,Caqueta,Cartagena_Del_Chaira,NA,18150,NA
Colombia-Caqueta-Curillo,municipality,Colombia,Caqueta,Curillo,NA,18205,NA
Colombia-Caqueta-El_Doncello,municipality,Colombia,Caqueta,El_Doncello,NA,18247,NA
Colombia-Caqueta-El_Paujil,municipality,Colombia,Caqueta,El_Paujil,NA,18256,NA
Colombia-Caqueta-La_Montanita,municipality,Colombia,Caqueta,La_Montanita,NA,18410,NA
Colombia-Caqueta-Milan,municipality,Colombia,Caqueta,Milan,NA,18460,NA
Colombia-Caqueta-Morelia,municipality,Colombia,Caqueta,Morelia,NA,18479,NA
Colombia-Caqueta-Puerto_Rico,municipality,Colombia,Caqueta,Puerto_Rico,NA,18592,NA
Colombia-Caqueta-San_Jose_Del_Fragua,municipality,Colombia,Caqueta,San_Jose_Del_Fragua,NA,18610,NA
Colombia-Caqueta-San_Vicente_Del_Caguan,municipality,Colombia,Caqueta,San_Vicente_Del_Caguan,NA,18753,NA
Colombia-Caqueta-Solano,municipality,Colombia,Caqueta,Solano,NA,18756,NA
Colombia-Caqueta-Solita,municipality,Colombia,Caqueta,Solita,NA,18785,NA
Colombia-Caqueta-Valparaiso,municipality,Colombia,Caqueta,Valparaiso,NA,18860,NA
Colombia-Cauca-Unknown,municipality,Colombia,Cauca,Unknown,NA,19000,NA
Colombia-Cauca-Popayan,municipality,Colombia,Cauca,Popayan,NA,19001,NA
Colombia-Cauca-Almaguer,municipality,Colombia,Cauca,Almaguer,NA,19022,NA
Colombia-Cauca-Argelia,municipality,Colombia,Cauca,Argelia,NA,19050,NA
Colombia-Cauca-Balboa,municipality,Colombia,Cauca,Balboa,NA,19075,NA
Colombia-Cauca-Bolivar,municipality,Colombia,Cauca,Bolivar,NA,19100,NA
Colombia-Cauca-Buenos_Aires,municipality,Colombia,Cauca,Buenos_Aires,NA,19110,NA
Colombia-Cauca-Cajibio,municipality,Colombia,Cauca,Cajibio,NA,19130,NA
Colombia-Cauca-Caldono,municipality,Colombia,Cauca,Caldono,NA,19137,NA
Colombia-Cauca-Caloto,municipality,Colombia,Cauca,Caloto,NA,19142,NA
Colombia-Cauca-Corinto,municipality,Colombia,Cauca,Corinto,NA,19212,NA
Colombia-Cauca-El_Tambo,municipality,Colombia,Cauca,El_Tambo,NA,19256,NA
Colombia-Cauca-Florencia,municipality,Colombia,Cauca,Florencia,NA,19290,NA
Colombia-Cauca-Guachene,municipality,Colombia,Cauca,Guachene,NA,19300,NA
Colombia-Cauca-Guapi,municipality,Colombia,Cauca,Guapi,NA,19318,NA
Colombia-Cauca-Inza,municipality,Colombia,Cauca,Inza,NA,19355,NA
Colombia-Cauca-Jambalo,municipality,Colombia,Cauca,Jambalo,NA,19364,NA
Colombia-Cauca-La_Sierra,municipality,Colombia,Cauca,La_Sierra,NA,19392,NA
Colombia-Cauca-La_Vega,municipality,Colombia,Cauca,La_Vega,NA,19397,NA
Colombia-Cauca-Lopez,municipality,Colombia,Cauca,Lopez,NA,19418,NA
Colombia-Cauca-Mercaderes,municipality,Colombia,Cauca,Mercaderes,NA,19450,NA
Colombia-Cauca-Miranda,municipality,Colombia,Cauca,Miranda,NA,19455,NA
Colombia-Cauca-Morales,municipality,Colombia,Cauca,Morales,NA,19473,NA
Colombia-Cauca-Padilla,municipality,Colombia,Cauca,Padilla,NA,19513,NA
Colombia-Cauca-Paez,municipality,Colombia,Cauca,Paez,NA,19517,NA
Colombia-Cauca-Patia,municipality,Colombia,Cauca,Patia,NA,19532,NA
Colombia-Cauca-Piamonte,municipality,Colombia,Cauca,Piamonte,NA,19533,NA
Colombia-Cauca-Piendamo,municipality,Colombia,Cauca,Piendamo,NA,19548,NA
Colombia-Cauca-Puerto_Tejada,municipality,Colombia,Cauca,Puerto_Tejada,NA,19573,NA
Colombia-Cauca-Purace,municipality,Colombia,Cauca,Purace,NA,19585,NA
Colombia-Cauca-Rosas,municipality,Colombia,Cauca,Rosas,NA,19622,NA
Colombia-Cauca-San_Sebastian,municipality,Colombia,Cauca,San_Sebastian,NA,19693,NA
Colombia-Cauca-Santander_De_Quilichao,municipality,Colombia,Cauca,Santander_De_Quilichao,NA,19698,NA
Colombia-Cauca-Santa_Rosa,municipality,Colombia,Cauca,Santa_Rosa,NA,19701,NA
Colombia-Cauca-Silvia,municipality,Colombia,Cauca,Silvia,NA,19743,NA
Colombia-Cauca-Sotara,municipality,Colombia,Cauca,Sotara,NA,19760,NA
Colombia-Cauca-Suarez,municipality,Colombia,Cauca,Suarez,NA,19780,NA
Colombia-Cauca-Sucre,municipality,Colombia,Cauca,Sucre,NA,19785,NA
Colombia-Cauca-Timbio,municipality,Colombia,Cauca,Timbio,NA,19807,NA
Colombia-Cauca-Timbiqui,municipality,Colombia,Cauca,Timbiqui,NA,19809,NA
Colombia-Cauca-Toribio,municipality,Colombia,Cauca,Toribio,NA,19821,NA
Colombia-Cauca-Totoro,municipality,Colombia,Cauca,Totoro,NA,19824,NA
Colombia-Cauca-Villa_Rica,municipality,Colombia,Cauca,Villa_Rica,NA,19845,NA
Colombia-Cesar-Unknown,municipality,Colombia,Cesar,Unknown,NA,20000,NA
Colombia-Cesar-Valledupar,municipality,Colombia,Cesar,Valledupar,NA,20001,NA
Colombia-Cesar-Aguachica,municipality,Colombia,Cesar,Aguachica,NA,20011,NA
Colombia-Cesar-Agustin_Codazzi,municipality,Colombia,Cesar,Agustin_Codazzi,NA,20013,NA
Colombia-Cesar-Astrea,municipality,Colombia,Cesar,Astrea,NA,20032,NA
Colombia-Cesar-Becerril,municipality,Colombia,Cesar,Becerril,NA,20045,NA
Colombia-Cesar-Bosconia,municipality,Colombia,Cesar,Bosconia,NA,20060,NA
Colombia-Cesar-Chimichagua,municipality,Colombia,Cesar,Chimichagua,NA,20175,NA
Colombia-Cesar-Chiriguana,municipality,Colombia,Cesar,Chiriguana,NA,20178,NA
Colombia-Cesar-Curumani,municipality,Colombia,Cesar,Curumani,NA,20228,NA
Colombia-Cesar-El_Copey,municipality,Colombia,Cesar,El_Copey,NA,20238,NA
Colombia-Cesar-El_Paso,municipality,Colombia,Cesar,El_Paso,NA,20250,NA
Colombia-Cesar-Gamarra,municipality,Colombia,Cesar,Gamarra,NA,20295,NA
Colombia-Cesar-Gonzalez,municipality,Colombia,Cesar,Gonzalez,NA,20310,NA
Colombia-Cesar-La_Gloria,municipality,Colombia,Cesar,La_Gloria,NA,20383,NA
Colombia-Cesar-La_Jagua_De_Ibirico,municipality,Colombia,Cesar,La_Jagua_De_Ibirico,NA,20400,NA
Colombia-Cesar-Manaure,municipality,Colombia,Cesar,Manaure,NA,20443,NA
Colombia-Cesar-Pailitas,municipality,Colombia,Cesar,Pailitas,NA,20517,NA
Colombia-Cesar-Pelaya,municipality,Colombia,Cesar,Pelaya,NA,20550,NA
Colombia-Cesar-Pueblo_Bello,municipality,Colombia,Cesar,Pueblo_Bello,NA,20570,NA
Colombia-Cesar-Rio_De_Oro,municipality,Colombia,Cesar,Rio_De_Oro,NA,20614,NA
Colombia-Cesar-La_Paz,municipality,Colombia,Cesar,La_Paz,NA,20621,NA
Colombia-Cesar-San_Alberto,municipality,Colombia,Cesar,San_Alberto,NA,20710,NA
Colombia-Cesar-San_Diego,municipality,Colombia,Cesar,San_Diego,NA,20750,NA
Colombia-Cesar-San_Martin,municipality,Colombia,Cesar,San_Martin,NA,20770,NA
Colombia-Cesar-Tamalameque,municipality,Colombia,Cesar,Tamalameque,NA,20787,NA
Colombia-Cordoba-Unknown,municipality,Colombia,Cordoba,Unknown,NA,23000,NA
Colombia-Cordoba-Monteria,municipality,Colombia,Cordoba,Monteria,NA,23001,NA
Colombia-Cordoba-Ayapel,municipality,Colombia,Cordoba,Ayapel,NA,23068,NA
Colombia-Cordoba-Buenavista,municipality,Colombia,Cordoba,Buenavista,NA,23079,NA
Colombia-Cordoba-Canalete,municipality,Colombia,Cordoba,Canalete,NA,23090,NA
Colombia-Cordoba-Cerete,municipality,Colombia,Cordoba,Cerete,NA,23162,NA
Colombia-Cordoba-Chima,municipality,Colombia,Cordoba,Chima,NA,23168,NA
Colombia-Cordoba-Chinu,municipality,Colombia,Cordoba,Chinu,NA,23182,NA
Colombia-Cordoba-Cienaga_De_Oro,municipality,Colombia,Cordoba,Cienaga_De_Oro,NA,23189,NA
Colombia-Cordoba-Cotorra,municipality,Colombia,Cordoba,Cotorra,NA,23300,NA
Colombia-Cordoba-La_Apartada,municipality,Colombia,Cordoba,La_Apartada,NA,23350,NA
Colombia-Cordoba-Lorica,municipality,Colombia,Cordoba,Lorica,NA,23417,NA
Colombia-Cordoba-Los_Cordobas,municipality,Colombia,Cordoba,Los_Cordobas,NA,23419,NA
Colombia-Cordoba-Momil,municipality,Colombia,Cordoba,Momil,NA,23464,NA
Colombia-Cordoba-Montelibano,municipality,Colombia,Cordoba,Montelibano,NA,23466,NA
Colombia-Cordoba-Monitos,municipality,Colombia,Cordoba,Monitos,NA,23500,NA
Colombia-Cordoba-Planeta_Rica,municipality,Colombia,Cordoba,Planeta_Rica,NA,23555,NA
Colombia-Cordoba-Pueblo_Nuevo,municipality,Colombia,Cordoba,Pueblo_Nuevo,NA,23570,NA
Colombia-Cordoba-Puerto_Escondido,municipality,Colombia,Cordoba,Puerto_Escondido,NA,23574,NA
Colombia-Cordoba-Puerto_Libertador,municipality,Colombia,Cordoba,Puerto_Libertador,NA,23580,NA
Colombia-Cordoba-Purisima,municipality,Colombia,Cordoba,Purisima,NA,23586,NA
Colombia-Cordoba-Sahagun,municipality,Colombia,Cordoba,Sahagun,NA,23660,NA
Colombia-Cordoba-San_Andres_Sotavento,municipality,Colombia,Cordoba,San_Andres_Sotavento,NA,23670,NA
Colombia-Cordoba-San_Antero,municipality,Colombia,Cordoba,San_Antero,NA,23672,NA
Colombia-Cordoba-San_Bernardo_Del_Viento,municipality,Colombia,Cordoba,San_Bernardo_Del_Viento,NA,23675,NA
Colombia-Cordoba-San_Carlos,municipality,Colombia,Cordoba,San_Carlos,NA,23678,NA
Colombia-Cordoba-San_Jose_De_Ure,municipality,Colombia,Cordoba,San_Jose_De_Ure,NA,23682,NA
Colombia-Cordoba-San_Pelayo,municipality,Colombia,Cordoba,San_Pelayo,NA,23686,NA
Colombia-Cordoba-Tierralta,municipality,Colombia,Cordoba,Tierralta,NA,23807,NA
Colombia-Cordoba-Tuchin,municipality,Colombia,Cordoba,Tuchin,NA,23815,NA
Colombia-Cordoba-Valencia,municipality,Colombia,Cordoba,Valencia,NA,23855,NA
Colombia-Cundinamarca-Unknown,municipality,Colombia,Cundinamarca,Unknown,NA,25000,NA
Colombia-Cundinamarca-Agua_De_Dios,municipality,Colombia,Cundinamarca,Agua_De_Dios,NA,25001,NA
Colombia-Cundinamarca-Alban,municipality,Colombia,Cundinamarca,Alban,NA,25019,NA
Colombia-Cundinamarca-Anapoima,municipality,Colombia,Cundinamarca,Anapoima,NA,25035,NA
Colombia-Cundinamarca-Anolaima,municipality,Colombia,Cundinamarca,Anolaima,NA,25040,NA
Colombia-Cundinamarca-Arbelaez,municipality,Colombia,Cundinamarca,Arbelaez,NA,25053,NA
Colombia-Cundinamarca-Beltran,municipality,Colombia,Cundinamarca,Beltran,NA,25086,NA
Colombia-Cundinamarca-Bituima,municipality,Colombia,Cundinamarca,Bituima,NA,25095,NA
Colombia-Cundinamarca-Bojaca,municipality,Colombia,Cundinamarca,Bojaca,NA,25099,NA
Colombia-Cundinamarca-Cabrera,municipality,Colombia,Cundinamarca,Cabrera,NA,25120,NA
Colombia-Cundinamarca-Cachipay,municipality,Colombia,Cundinamarca,Cachipay,NA,25123,NA
Colombia-Cundinamarca-Cajica,municipality,Colombia,Cundinamarca,Cajica,NA,25126,NA
Colombia-Cundinamarca-Caparrapi,municipality,Colombia,Cundinamarca,Caparrapi,NA,25148,NA
Colombia-Cundinamarca-Caqueza,municipality,Colombia,Cundinamarca,Caqueza,NA,25151,NA
Colombia-Cundinamarca-Carmen_De_Carupa,municipality,Colombia,Cundinamarca,Carmen_De_Carupa,NA,25154,NA
Colombia-Cundinamarca-Chaguani,municipality,Colombia,Cundinamarca,Chaguani,NA,25168,NA
Colombia-Cundinamarca-Chia,municipality,Colombia,Cundinamarca,Chia,NA,25175,NA
Colombia-Cundinamarca-Chipaque,municipality,Colombia,Cundinamarca,Chipaque,NA,25178,NA
Colombia-Cundinamarca-Choachi,municipality,Colombia,Cundinamarca,Choachi,NA,25181,NA
Colombia-Cundinamarca-Choconta,municipality,Colombia,Cundinamarca,Choconta,NA,25183,NA
Colombia-Cundinamarca-Cogua,municipality,Colombia,Cundinamarca,Cogua,NA,25200,NA
Colombia-Cundinamarca-Cota,municipality,Colombia,Cundinamarca,Cota,NA,25214,NA
Colombia-Cundinamarca-Cucunuba,municipality,Colombia,Cundinamarca,Cucunuba,NA,25224,NA
Colombia-Cundinamarca-El_Colegio,municipality,Colombia,Cundinamarca,El_Colegio,NA,25245,NA
Colombia-Cundinamarca-El_Penon,municipality,Colombia,Cundinamarca,El_Penon,NA,25258,NA
Colombia-Cundinamarca-El_Rosal,municipality,Colombia,Cundinamarca,El_Rosal,NA,25260,NA
Colombia-Cundinamarca-Facatativa,municipality,Colombia,Cundinamarca,Facatativa,NA,25269,NA
Colombia-Cundinamarca-Fomeque,municipality,Colombia,Cundinamarca,Fomeque,NA,25279,NA
Colombia-Cundinamarca-Fosca,municipality,Colombia,Cundinamarca,Fosca,NA,25281,NA
Colombia-Cundinamarca-Funza,municipality,Colombia,Cundinamarca,Funza,NA,25286,NA
Colombia-Cundinamarca-Fuquene,municipality,Colombia,Cundinamarca,Fuquene,NA,25288,NA
Colombia-Cundinamarca-Fusagasuga,municipality,Colombia,Cundinamarca,Fusagasuga,NA,25290,NA
Colombia-Cundinamarca-Gachala,municipality,Colombia,Cundinamarca,Gachala,NA,25293,NA
Colombia-Cundinamarca-Gachancipa,municipality,Colombia,Cundinamarca,Gachancipa,NA,25295,NA
Colombia-Cundinamarca-Gacheta,municipality,Colombia,Cundinamarca,Gacheta,NA,25297,NA
Colombia-Cundinamarca-Gama,municipality,Colombia,Cundinamarca,Gama,NA,25299,NA
Colombia-Cundinamarca-Girardot,municipality,Colombia,Cundinamarca,Girardot,NA,25307,NA
Colombia-Cundinamarca-Granada,municipality,Colombia,Cundinamarca,Granada,NA,25312,NA
Colombia-Cundinamarca-Guacheta,municipality,Colombia,Cundinamarca,Guacheta,NA,25317,NA
Colombia-Cundinamarca-Guaduas,municipality,Colombia,Cundinamarca,Guaduas,NA,25320,NA
Colombia-Cundinamarca-Guasca,municipality,Colombia,Cundinamarca,Guasca,NA,25322,NA
Colombia-Cundinamarca-Guataqui,municipality,Colombia,Cundinamarca,Guataqui,NA,25324,NA
Colombia-Cundinamarca-Guatavita,municipality,Colombia,Cundinamarca,Guatavita,NA,25326,NA
Colombia-Cundinamarca-Guayabal_De_Siquima,municipality,Colombia,Cundinamarca,Guayabal_De_Siquima,NA,25328,NA
Colombia-Cundinamarca-Guayabetal,municipality,Colombia,Cundinamarca,Guayabetal,NA,25335,NA
Colombia-Cundinamarca-Gutierrez,municipality,Colombia,Cundinamarca,Gutierrez,NA,25339,NA
Colombia-Cundinamarca-Jerusalen,municipality,Colombia,Cundinamarca,Jerusalen,NA,25368,NA
Colombia-Cundinamarca-Junin,municipality,Colombia,Cundinamarca,Junin,NA,25372,NA
Colombia-Cundinamarca-La_Calera,municipality,Colombia,Cundinamarca,La_Calera,NA,25377,NA
Colombia-Cundinamarca-La_Mesa,municipality,Colombia,Cundinamarca,La_Mesa,NA,25386,NA
Colombia-Cundinamarca-La_Palma,municipality,Colombia,Cundinamarca,La_Palma,NA,25394,NA
Colombia-Cundinamarca-La_Pena,municipality,Colombia,Cundinamarca,La_Pena,NA,25398,NA
Colombia-Cundinamarca-La_Vega,municipality,Colombia,Cundinamarca,La_Vega,NA,25402,NA
Colombia-Cundinamarca-Lenguazaque,municipality,Colombia,Cundinamarca,Lenguazaque,NA,25407,NA
Colombia-Cundinamarca-Macheta,municipality,Colombia,Cundinamarca,Macheta,NA,25426,NA
Colombia-Cundinamarca-Madrid,municipality,Colombia,Cundinamarca,Madrid,NA,25430,NA
Colombia-Cundinamarca-Manta,municipality,Colombia,Cundinamarca,Manta,NA,25436,NA
Colombia-Cundinamarca-Medina,municipality,Colombia,Cundinamarca,Medina,NA,25438,NA
Colombia-Cundinamarca-Mosquera,municipality,Colombia,Cundinamarca,Mosquera,NA,25473,NA
Colombia-Cundinamarca-Narino,municipality,Colombia,Cundinamarca,Narino,NA,25483,NA
Colombia-Cundinamarca-Nemocon,municipality,Colombia,Cundinamarca,Nemocon,NA,25486,NA
Colombia-Cundinamarca-Nilo,municipality,Colombia,Cundinamarca,Nilo,NA,25488,NA
Colombia-Cundinamarca-Nimaima,municipality,Colombia,Cundinamarca,Nimaima,NA,25489,NA
Colombia-Cundinamarca-Nocaima,municipality,Colombia,Cundinamarca,Nocaima,NA,25491,NA
Colombia-Cundinamarca-Venecia,municipality,Colombia,Cundinamarca,Venecia,NA,25506,NA
Colombia-Cundinamarca-Pacho,municipality,Colombia,Cundinamarca,Pacho,NA,25513,NA
Colombia-Cundinamarca-Paime,municipality,Colombia,Cundinamarca,Paime,NA,25518,NA
Colombia-Cundinamarca-Pandi,municipality,Colombia,Cundinamarca,Pandi,NA,25524,NA
Colombia-Cundinamarca-Paratebueno,municipality,Colombia,Cundinamarca,Paratebueno,NA,25530,NA
Colombia-Cundinamarca-Pasca,municipality,Colombia,Cundinamarca,Pasca,NA,25535,NA
Colombia-Cundinamarca-Puerto_Salgar,municipality,Colombia,Cundinamarca,Puerto_Salgar,NA,25572,NA
Colombia-Cundinamarca-Puli,municipality,Colombia,Cundinamarca,Puli,NA,25580,NA
Colombia-Cundinamarca-Quebradanegra,municipality,Colombia,Cundinamarca,Quebradanegra,NA,25592,NA
Colombia-Cundinamarca-Quetame,municipality,Colombia,Cundinamarca,Quetame,NA,25594,NA
Colombia-Cundinamarca-Quipile,municipality,Colombia,Cundinamarca,Quipile,NA,25596,NA
Colombia-Cundinamarca-Apulo,municipality,Colombia,Cundinamarca,Apulo,NA,25599,NA
Colombia-Cundinamarca-Rafael_Reyes_Apulo,municipality,Colombia,Cundinamarca,Rafael_Reyes_Apulo,NA,NA,NA
Colombia-Cundinamarca-Ricaurte,municipality,Colombia,Cundinamarca,Ricaurte,NA,25612,NA
Colombia-Cundinamarca-San_Antonio_Del_Tequendama,municipality,Colombia,Cundinamarca,San_Antonio_Del_Tequendama,NA,25645,NA
Colombia-Cundinamarca-San_Bernardo,municipality,Colombia,Cundinamarca,San_Bernardo,NA,25649,NA
Colombia-Cundinamarca-San_Cayetano,municipality,Colombia,Cundinamarca,San_Cayetano,NA,25653,NA
Colombia-Cundinamarca-San_Francisco,municipality,Colombia,Cundinamarca,San_Francisco,NA,25658,NA
Colombia-Cundinamarca-San_Juan_De_Rio_Seco,municipality,Colombia,Cundinamarca,San_Juan_De_Rio_Seco,NA,25662,NA
Colombia-Cundinamarca-Sasaima,municipality,Colombia,Cundinamarca,Sasaima,NA,25718,NA
Colombia-Cundinamarca-Sesquile,municipality,Colombia,Cundinamarca,Sesquile,NA,25736,NA
Colombia-Cundinamarca-Sibate,municipality,Colombia,Cundinamarca,Sibate,NA,25740,NA
Colombia-Cundinamarca-Silvania,municipality,Colombia,Cundinamarca,Silvania,NA,25743,NA
Colombia-Cundinamarca-Simijaca,municipality,Colombia,Cundinamarca,Simijaca,NA,25745,NA
Colombia-Cundinamarca-Soacha,municipality,Colombia,Cundinamarca,Soacha,NA,25754,NA
Colombia-Cundinamarca-Sopo,municipality,Colombia,Cundinamarca,Sopo,NA,25758,NA
Colombia-Cundinamarca-Subachoque,municipality,Colombia,Cundinamarca,Subachoque,NA,25769,NA
Colombia-Cundinamarca-Suesca,municipality,Colombia,Cundinamarca,Suesca,NA,25772,NA
Colombia-Cundinamarca-Supata,municipality,Colombia,Cundinamarca,Supata,NA,25777,NA
Colombia-Cundinamarca-Susa,municipality,Colombia,Cundinamarca,Susa,NA,25779,NA
Colombia-Cundinamarca-Sutatausa,municipality,Colombia,Cundinamarca,Sutatausa,NA,25781,NA
Colombia-Cundinamarca-Tabio,municipality,Colombia,Cundinamarca,Tabio,NA,25785,NA
Colombia-Cundinamarca-Tausa,municipality,Colombia,Cundinamarca,Tausa,NA,25793,NA
Colombia-Cundinamarca-Tena,municipality,Colombia,Cundinamarca,Tena,NA,25797,NA
Colombia-Cundinamarca-Tenjo,municipality,Colombia,Cundinamarca,Tenjo,NA,25799,NA
Colombia-Cundinamarca-Tibacuy,municipality,Colombia,Cundinamarca,Tibacuy,NA,25805,NA
Colombia-Cundinamarca-Tibirita,municipality,Colombia,Cundinamarca,Tibirita,NA,25807,NA
Colombia-Cundinamarca-Tocaima,municipality,Colombia,Cundinamarca,Tocaima,NA,25815,NA
Colombia-Cundinamarca-Tocancipa,municipality,Colombia,Cundinamarca,Tocancipa,NA,25817,NA
Colombia-Cundinamarca-Topaipi,municipality,Colombia,Cundinamarca,Topaipi,NA,25823,NA
Colombia-Cundinamarca-Ubala,municipality,Colombia,Cundinamarca,Ubala,NA,25839,NA
Colombia-Cundinamarca-Ubaque,municipality,Colombia,Cundinamarca,Ubaque,NA,25841,NA
Colombia-Cundinamarca-Villa_De_San_Diego_De_Ubate,municipality,Colombia,Cundinamarca,Villa_De_San_Diego_De_Ubate,NA,25843,NA
Colombia-Cundinamarca-Une,municipality,Colombia,Cundinamarca,Une,NA,25845,NA
Colombia-Cundinamarca-Utica,municipality,Colombia,Cundinamarca,Utica,NA,25851,NA
Colombia-Cundinamarca-Vergara,municipality,Colombia,Cundinamarca,Vergara,NA,25862,NA
Colombia-Cundinamarca-Viani,municipality,Colombia,Cundinamarca,Viani,NA,25867,NA
Colombia-Cundinamarca-Villagomez,municipality,Colombia,Cundinamarca,Villagomez,NA,25871,NA
Colombia-Cundinamarca-Villapinzon,municipality,Colombia,Cundinamarca,Villapinzon,NA,25873,NA
Colombia-Cundinamarca-Villeta,municipality,Colombia,Cundinamarca,Villeta,NA,25875,NA
Colombia-Cundinamarca-Viota,municipality,Colombia,Cundinamarca,Viota,NA,25878,NA
Colombia-Cundinamarca-Yacopi,municipality,Colombia,Cundinamarca,Yacopi,NA,25885,NA
Colombia-Cundinamarca-Zipacon,municipality,Colombia,Cundinamarca,Zipacon,NA,25898,NA
Colombia-Cundinamarca-Zipaquira,municipality,Colombia,Cundinamarca,Zipaquira,NA,25899,NA
Colombia-Choco-Unknown,municipality,Colombia,Choco,Unknown,NA,27000,NA
Colombia-Choco-Quibdo,municipality,Colombia,Choco,Quibdo,NA,27001,NA
Colombia-Choco-Acandi,municipality,Colombia,Choco,Acandi,NA,27006,NA
Colombia-Choco-Alto_Baudo,municipality,Colombia,Choco,Alto_Baudo,NA,27025,NA
Colombia-Choco-Atrato,municipality,Colombia,Choco,Atrato,NA,27050,NA
Colombia-Choco-Bagado,municipality,Colombia,Choco,Bagado,NA,27073,NA
Colombia-Choco-Bahia_Solano,municipality,Colombia,Choco,Bahia_Solano,NA,27075,NA
Colombia-Choco-Bajo_Baudo,municipality,Colombia,Choco,Bajo_Baudo,NA,27077,NA
Colombia-Choco-Belen_De_Bajira,municipality,Colombia,Choco,Belen_De_Bajira,NA,27086,NA
Colombia-Choco-Bojaya,municipality,Colombia,Choco,Bojaya,NA,27099,NA
Colombia-Choco-El_Canton_Del_San_Pablo,municipality,Colombia,Choco,El_Canton_Del_San_Pablo,NA,27135,NA
Colombia-Choco-Carmen_Del_Darien,municipality,Colombia,Choco,Carmen_Del_Darien,NA,27150,NA
Colombia-Choco-Certegui,municipality,Colombia,Choco,Certegui,NA,27160,NA
Colombia-Choco-Condoto,municipality,Colombia,Choco,Condoto,NA,27205,NA
Colombia-Choco-El_Carmen_De_Atrato,municipality,Colombia,Choco,El_Carmen_De_Atrato,NA,27245,NA
Colombia-Choco-El_Litoral_Del_San_Juan,municipality,Colombia,Choco,El_Litoral_Del_San_Juan,NA,27250,NA
Colombia-Choco-Istmina,municipality,Colombia,Choco,Istmina,NA,27361,NA
Colombia-Choco-Jurado,municipality,Colombia,Choco,Jurado,NA,27372,NA
Colombia-Choco-Lloro,municipality,Colombia,Choco,Lloro,NA,27413,NA
Colombia-Choco-Medio_Atrato,municipality,Colombia,Choco,Medio_Atrato,NA,27425,NA
Colombia-Choco-Medio_Baudo,municipality,Colombia,Choco,Medio_Baudo,NA,27430,NA
Colombia-Choco-Medio_San_Juan,municipality,Colombia,Choco,Medio_San_Juan,NA,27450,NA
Colombia-Choco-Novita,municipality,Colombia,Choco,Novita,NA,27491,NA
Colombia-Choco-Nuqui,municipality,Colombia,Choco,Nuqui,NA,27495,NA
Colombia-Choco-Rio_Iro,municipality,Colombia,Choco,Rio_Iro,NA,27580,NA
Colombia-Choco-Rio_Quito,municipality,Colombia,Choco,Rio_Quito,NA,27600,NA
Colombia-Choco-Riosucio,municipality,Colombia,Choco,Riosucio,NA,27615,NA
Colombia-Choco-San_Jose_Del_Palmar,municipality,Colombia,Choco,San_Jose_Del_Palmar,NA,27660,NA
Colombia-Choco-Sipi,municipality,Colombia,Choco,Sipi,NA,27745,NA
Colombia-Choco-Tado,municipality,Colombia,Choco,Tado,NA,27787,NA
Colombia-Choco-Unguia,municipality,Colombia,Choco,Unguia,NA,27800,NA
Colombia-Choco-Union_Panamericana,municipality,Colombia,Choco,Union_Panamericana,NA,27810,NA
Colombia-Huila-Unknown,municipality,Colombia,Huila,Unknown,NA,41000,NA
Colombia-Huila-Neiva,municipality,Colombia,Huila,Neiva,NA,41001,NA
Colombia-Huila-Acevedo,municipality,Colombia,Huila,Acevedo,NA,41006,NA
Colombia-Huila-Agrado,municipality,Colombia,Huila,Agrado,NA,41013,NA
Colombia-Huila-Aipe,municipality,Colombia,Huila,Aipe,NA,41016,NA
Colombia-Huila-Algeciras,municipality,Colombia,Huila,Algeciras,NA,41020,NA
Colombia-Huila-Altamira,municipality,Colombia,Huila,Altamira,NA,41026,NA
Colombia-Huila-Baraya,municipality,Colombia,Huila,Baraya,NA,41078,NA
Colombia-Huila-Campoalegre,municipality,Colombia,Huila,Campoalegre,NA,41132,NA
Colombia-Huila-Colombia,municipality,Colombia,Huila,Colombia,NA,41206,NA
Colombia-Huila-Elias,municipality,Colombia,Huila,Elias,NA,41244,NA
Colombia-Huila-Garzon,municipality,Colombia,Huila,Garzon,NA,41298,NA
Colombia-Huila-Gigante,municipality,Colombia,Huila,Gigante,NA,41306,NA
Colombia-Huila-Guadalupe,municipality,Colombia,Huila,Guadalupe,NA,41319,NA
Colombia-Huila-Hobo,municipality,Colombia,Huila,Hobo,NA,41349,NA
Colombia-Huila-Iquira,municipality,Colombia,Huila,Iquira,NA,41357,NA
Colombia-Huila-Isnos,municipality,Colombia,Huila,Isnos,NA,41359,NA
Colombia-Huila-La_Argentina,municipality,Colombia,Huila,La_Argentina,NA,41378,NA
Colombia-Huila-La_Plata,municipality,Colombia,Huila,La_Plata,NA,41396,NA
Colombia-Huila-Nataga,municipality,Colombia,Huila,Nataga,NA,41483,NA
Colombia-Huila-Oporapa,municipality,Colombia,Huila,Oporapa,NA,41503,NA
Colombia-Huila-Paicol,municipality,Colombia,Huila,Paicol,NA,41518,NA
Colombia-Huila-Palermo,municipality,Colombia,Huila,Palermo,NA,41524,NA
Colombia-Huila-Palestina,municipality,Colombia,Huila,Palestina,NA,41530,NA
Colombia-Huila-Pital,municipality,Colombia,Huila,Pital,NA,41548,NA
Colombia-Huila-Pitalito,municipality,Colombia,Huila,Pitalito,NA,41551,NA
Colombia-Huila-Rivera,municipality,Colombia,Huila,Rivera,NA,41615,NA
Colombia-Huila-Saladoblanco,municipality,Colombia,Huila,Saladoblanco,NA,41660,NA
Colombia-Huila-San_Agustin,municipality,Colombia,Huila,San_Agustin,NA,41668,NA
Colombia-Huila-Santa_Maria,municipality,Colombia,Huila,Santa_Maria,NA,41676,NA
Colombia-Huila-Suaza,municipality,Colombia,Huila,Suaza,NA,41770,NA
Colombia-Huila-Tarqui,municipality,Colombia,Huila,Tarqui,NA,41791,NA
Colombia-Huila-Tesalia,municipality,Colombia,Huila,Tesalia,NA,41797,NA
Colombia-Huila-Tello,municipality,Colombia,Huila,Tello,NA,41799,NA
Colombia-Huila-Teruel,municipality,Colombia,Huila,Teruel,NA,41801,NA
Colombia-Huila-Timana,municipality,Colombia,Huila,Timana,NA,41807,NA
Colombia-Huila-Villavieja,municipality,Colombia,Huila,Villavieja,NA,41872,NA
Colombia-Huila-Yaguara,municipality,Colombia,Huila,Yaguara,NA,41885,NA
Colombia-Guajira-Unknown,municipality,Colombia,Guajira,Unknown,NA,44000,NA
Colombia-Guajira-Riohacha,municipality,Colombia,Guajira,Riohacha,NA,44001,NA
Colombia-Guajira-Albania,municipality,Colombia,Guajira,Albania,NA,44035,NA
Colombia-Guajira-Barrancas,municipality,Colombia,Guajira,Barrancas,NA,44078,NA
Colombia-Guajira-Dibulla,municipality,Colombia,Guajira,Dibulla,NA,44090,NA
Colombia-Guajira-Distraccion,municipality,Colombia,Guajira,Distraccion,NA,44098,NA
Colombia-Guajira-El_Molino,municipality,Colombia,Guajira,El_Molino,NA,44110,NA
Colombia-Guajira-Fonseca,municipality,Colombia,Guajira,Fonseca,NA,44279,NA
Colombia-Guajira-Hatonuevo,municipality,Colombia,Guajira,Hatonuevo,NA,44378,NA
Colombia-Guajira-La_Jagua_Del_Pilar,municipality,Colombia,Guajira,La_Jagua_Del_Pilar,NA,44420,NA
Colombia-Guajira-Maicao,municipality,Colombia,Guajira,Maicao,NA,44430,NA
Colombia-Guajira-Manaure,municipality,Colombia,Guajira,Manaure,NA,44560,NA
Colombia-Guajira-San_Juan_Del_Cesar,municipality,Colombia,Guajira,San_Juan_Del_Cesar,NA,44650,NA
Colombia-Guajira-Uribia,municipality,Colombia,Guajira,Uribia,NA,44847,NA
Colombia-Guajira-Urumita,municipality,Colombia,Guajira,Urumita,NA,44855,NA
Colombia-Guajira-Villanueva,municipality,Colombia,Guajira,Villanueva,NA,44874,NA
Colombia-Sta_Marta_DE-Santa_Marta,municipality,Colombia,Sta_Marta_D.E.,Santa_Marta,NA,48001,NA
Colombia-Magdalena-Unknown,municipality,Colombia,Magdalena,Unknown,NA,47000,NA
Colombia-Magdalena-Sitio_Nuevo,municipality,Colombia,Magdalena,Sitio_Nuevo,NA,47745,NA
Colombia-Magdalena-Algarrobo,municipality,Colombia,Magdalena,Algarrobo,NA,47030,NA
Colombia-Magdalena-Aracataca,municipality,Colombia,Magdalena,Aracataca,NA,47053,NA
Colombia-Magdalena-Ariguani,municipality,Colombia,Magdalena,Ariguani,NA,47058,NA
Colombia-Magdalena-Cerro_San_Antonio,municipality,Colombia,Magdalena,Cerro_San_Antonio,NA,47161,NA
Colombia-Magdalena-Chibolo,municipality,Colombia,Magdalena,Chibolo,NA,47170,NA
Colombia-Magdalena-Cienaga,municipality,Colombia,Magdalena,Cienaga,NA,47189,NA
Colombia-Magdalena-Concordia,municipality,Colombia,Magdalena,Concordia,NA,47205,NA
Colombia-Magdalena-El_Banco,municipality,Colombia,Magdalena,El_Banco,NA,47245,NA
Colombia-Magdalena-El_Pinon,municipality,Colombia,Magdalena,El_Pinon,NA,47258,NA
Colombia-Magdalena-El_Reten,municipality,Colombia,Magdalena,El_Reten,NA,47268,NA
Colombia-Magdalena-Fundacion,municipality,Colombia,Magdalena,Fundacion,NA,47288,NA
Colombia-Magdalena-Guamal,municipality,Colombia,Magdalena,Guamal,NA,47318,NA
Colombia-Magdalena-Nueva_Granada,municipality,Colombia,Magdalena,Nueva_Granada,NA,47460,NA
Colombia-Magdalena-Pedraza,municipality,Colombia,Magdalena,Pedraza,NA,47541,NA
Colombia-Magdalena-Pijino_Del_Carmen,municipality,Colombia,Magdalena,Pijino_Del_Carmen,NA,47545,NA
Colombia-Magdalena-Pivijay,municipality,Colombia,Magdalena,Pivijay,NA,47551,NA
Colombia-Magdalena-Plato,municipality,Colombia,Magdalena,Plato,NA,47555,NA
Colombia-Magdalena-Puebloviejo,municipality,Colombia,Magdalena,Puebloviejo,NA,47570,NA
Colombia-Magdalena-Remolino,municipality,Colombia,Magdalena,Remolino,NA,47605,NA
Colombia-Magdalena-Sabanas_De_San_Angel,municipality,Colombia,Magdalena,Sabanas_De_San_Angel,NA,47660,NA
Colombia-Magdalena-Salamina,municipality,Colombia,Magdalena,Salamina,NA,47675,NA
Colombia-Magdalena-San_Sebastian_De_Buenavista,municipality,Colombia,Magdalena,San_Sebastian_De_Buenavista,NA,47692,NA
Colombia-Magdalena-San_Zenon,municipality,Colombia,Magdalena,San_Zenon,NA,47703,NA
Colombia-Magdalena-Santa_Ana,municipality,Colombia,Magdalena,Santa_Ana,NA,47707,NA
Colombia-Magdalena-Santa_Barbara_De_Pinto,municipality,Colombia,Magdalena,Santa_Barbara_De_Pinto,NA,47720,NA
Colombia-Magdalena-Sitionuevo,municipality,Colombia,Magdalena,Sitionuevo,NA,47745,NA
Colombia-Magdalena-Tenerife,municipality,Colombia,Magdalena,Tenerife,NA,47798,NA
Colombia-Magdalena-Zapayan,municipality,Colombia,Magdalena,Zapayan,NA,47960,NA
Colombia-Magdalena-Zona_Bananera,municipality,Colombia,Magdalena,Zona_Bananera,NA,47980,NA
Colombia-Meta-Unknown,municipality,Colombia,Meta,Unknown,NA,50000,NA
Colombia-Meta-Villavicencio,municipality,Colombia,Meta,Villavicencio,NA,50001,NA
Colombia-Meta-Acacias,municipality,Colombia,Meta,Acacias,NA,50006,NA
Colombia-Meta-Barranca_De_Upia,municipality,Colombia,Meta,Barranca_De_Upia,NA,50110,NA
Colombia-Meta-Cabuyaro,municipality,Colombia,Meta,Cabuyaro,NA,50124,NA
Colombia-Meta-Castilla_La_Nueva,municipality,Colombia,Meta,Castilla_La_Nueva,NA,50150,NA
Colombia-Meta-Cubarral,municipality,Colombia,Meta,Cubarral,NA,50223,NA
Colombia-Meta-Cumaral,municipality,Colombia,Meta,Cumaral,NA,50226,NA
Colombia-Meta-El_Calvario,municipality,Colombia,Meta,El_Calvario,NA,50245,NA
Colombia-Meta-El_Castillo,municipality,Colombia,Meta,El_Castillo,NA,50251,NA
Colombia-Meta-El_Dorado,municipality,Colombia,Meta,El_Dorado,NA,50270,NA
Colombia-Meta-Fuente_De_Oro,municipality,Colombia,Meta,Fuente_De_Oro,NA,50287,NA
Colombia-Meta-Granada,municipality,Colombia,Meta,Granada,NA,50313,NA
Colombia-Meta-Guamal,municipality,Colombia,Meta,Guamal,NA,50318,NA
Colombia-Meta-Mapiripan,municipality,Colombia,Meta,Mapiripan,NA,50325,NA
Colombia-Meta-Mesetas,municipality,Colombia,Meta,Mesetas,NA,50330,NA
Colombia-Meta-La_Macarena,municipality,Colombia,Meta,La_Macarena,NA,50350,NA
Colombia-Meta-Uribe,municipality,Colombia,Meta,Uribe,NA,50370,NA
Colombia-Meta-Lejanias,municipality,Colombia,Meta,Lejanias,NA,50400,NA
Colombia-Meta-Puerto_Concordia,municipality,Colombia,Meta,Puerto_Concordia,NA,50450,NA
Colombia-Meta-Puerto_Gaitan,municipality,Colombia,Meta,Puerto_Gaitan,NA,50568,NA
Colombia-Meta-Puerto_Lopez,municipality,Colombia,Meta,Puerto_Lopez,NA,50573,NA
Colombia-Meta-Puerto_Lleras,municipality,Colombia,Meta,Puerto_Lleras,NA,50577,NA
Colombia-Meta-Puerto_Rico,municipality,Colombia,Meta,Puerto_Rico,NA,50590,NA
Colombia-Meta-Restrepo,municipality,Colombia,Meta,Restrepo,NA,50606,NA
Colombia-Meta-San_Carlos_De_Guaroa,municipality,Colombia,Meta,San_Carlos_De_Guaroa,NA,50680,NA
Colombia-Meta-San_Juan_De_Arama,municipality,Colombia,Meta,San_Juan_De_Arama,NA,50683,NA
Colombia-Meta-San_Juanito,municipality,Colombia,Meta,San_Juanito,NA,50686,NA
Colombia-Meta-San_Martin,municipality,Colombia,Meta,San_Martin,NA,50689,NA
Colombia-Meta-Vistahermosa,municipality,Colombia,Meta,Vistahermosa,NA,50711,NA
Colombia-Narino-Unknown,municipality,Colombia,Narino,Unknown,NA,52000,NA
Colombia-Narino-Pasto,municipality,Colombia,Narino,Pasto,NA,52001,NA
Colombia-Narino-Alban,municipality,Colombia,Narino,Alban,NA,52019,NA
Colombia-Narino-Aldana,municipality,Colombia,Narino,Aldana,NA,52022,NA
Colombia-Narino-Ancuya,municipality,Colombia,Narino,Ancuya,NA,52036,NA
Colombia-Narino-Arboleda,municipality,Colombia,Narino,Arboleda,NA,52051,NA
Colombia-Narino-Barbacoas,municipality,Colombia,Narino,Barbacoas,NA,52079,NA
Colombia-Narino-Belen,municipality,Colombia,Narino,Belen,NA,52083,NA
Colombia-Narino-Buesaco,municipality,Colombia,Narino,Buesaco,NA,52110,NA
Colombia-Narino-Colon,municipality,Colombia,Narino,Colon,NA,52203,NA
Colombia-Narino-Consaca,municipality,Colombia,Narino,Consaca,NA,52207,NA
Colombia-Narino-Contadero,municipality,Colombia,Narino,Contadero,NA,52210,NA
Colombia-Narino-Cordoba,municipality,Colombia,Narino,Cordoba,NA,52215,NA
Colombia-Narino-Cuaspud,municipality,Colombia,Narino,Cuaspud,NA,52224,NA
Colombia-Narino-Cumbal,municipality,Colombia,Narino,Cumbal,NA,52227,NA
Colombia-Narino-Cumbitara,municipality,Colombia,Narino,Cumbitara,NA,52233,NA
Colombia-Narino-Chachagui,municipality,Colombia,Narino,Chachagui,NA,52240,NA
Colombia-Narino-El_Charco,municipality,Colombia,Narino,El_Charco,NA,52250,NA
Colombia-Narino-El_Penol,municipality,Colombia,Narino,El_Penol,NA,52254,NA
Colombia-Narino-El_Rosario,municipality,Colombia,Narino,El_Rosario,NA,52256,NA
Colombia-Narino-El_Tablon_De_Gomez,municipality,Colombia,Narino,El_Tablon_De_Gomez,NA,52258,NA
Colombia-Narino-El_Tambo,municipality,Colombia,Narino,El_Tambo,NA,52260,NA
Colombia-Narino-Funes,municipality,Colombia,Narino,Funes,NA,52287,NA
Colombia-Narino-Guachucal,municipality,Colombia,Narino,Guachucal,NA,52317,NA
Colombia-Narino-Guaitarilla,municipality,Colombia,Narino,Guaitarilla,NA,52320,NA
Colombia-Narino-Gualmatan,municipality,Colombia,Narino,Gualmatan,NA,52323,NA
Colombia-Narino-Iles,municipality,Colombia,Narino,Iles,NA,52352,NA
Colombia-Narino-Imues,municipality,Colombia,Narino,Imues,NA,52354,NA
Colombia-Narino-Ipiales,municipality,Colombia,Narino,Ipiales,NA,52356,NA
Colombia-Narino-La_Cruz,municipality,Colombia,Narino,La_Cruz,NA,52378,NA
Colombia-Narino-La_Florida,municipality,Colombia,Narino,La_Florida,NA,52381,NA
Colombia-Narino-La_Llanada,municipality,Colombia,Narino,La_Llanada,NA,52385,NA
Colombia-Narino-La_Tola,municipality,Colombia,Narino,La_Tola,NA,52390,NA
Colombia-Narino-La_Union,municipality,Colombia,Narino,La_Union,NA,52399,NA
Colombia-Narino-Leiva,municipality,Colombia,Narino,Leiva,NA,52405,NA
Colombia-Narino-Linares,municipality,Colombia,Narino,Linares,NA,52411,NA
Colombia-Narino-Los_Andes,municipality,Colombia,Narino,Los_Andes,NA,52418,NA
Colombia-Narino-Magsi,municipality,Colombia,Narino,Magsi,NA,52427,NA
Colombia-Narino-Mallama,municipality,Colombia,Narino,Mallama,NA,52435,NA
Colombia-Narino-Mosquera,municipality,Colombia,Narino,Mosquera,NA,52473,NA
Colombia-Narino-Narino,municipality,Colombia,Narino,Narino,NA,52480,NA
Colombia-Narino-Olaya_Herrera,municipality,Colombia,Narino,Olaya_Herrera,NA,52490,NA
Colombia-Narino-Ospina,municipality,Colombia,Narino,Ospina,NA,52506,NA
Colombia-Narino-Francisco_Pizarro,municipality,Colombia,Narino,Francisco_Pizarro,NA,52520,NA
Colombia-Narino-Policarpa,municipality,Colombia,Narino,Policarpa,NA,52540,NA
Colombia-Narino-Potosi,municipality,Colombia,Narino,Potosi,NA,52560,NA
Colombia-Narino-Providencia,municipality,Colombia,Narino,Providencia,NA,52565,NA
Colombia-Narino-Puerres,municipality,Colombia,Narino,Puerres,NA,52573,NA
Colombia-Narino-Pupiales,municipality,Colombia,Narino,Pupiales,NA,52585,NA
Colombia-Narino-Ricaurte,municipality,Colombia,Narino,Ricaurte,NA,52612,NA
Colombia-Narino-Roberto_Payan,municipality,Colombia,Narino,Roberto_Payan,NA,52621,NA
Colombia-Narino-Samaniego,municipality,Colombia,Narino,Samaniego,NA,52678,NA
Colombia-Narino-Sandona,municipality,Colombia,Narino,Sandona,NA,52683,NA
Colombia-Narino-San_Bernardo,municipality,Colombia,Narino,San_Bernardo,NA,52685,NA
Colombia-Narino-San_Lorenzo,municipality,Colombia,Narino,San_Lorenzo,NA,52687,NA
Colombia-Narino-San_Pablo,municipality,Colombia,Narino,San_Pablo,NA,52693,NA
Colombia-Narino-San_Pedro_De_Cartago,municipality,Colombia,Narino,San_Pedro_De_Cartago,NA,52694,NA
Colombia-Narino-Santa_Barbara,municipality,Colombia,Narino,Santa_Barbara,NA,52696,NA
Colombia-Narino-Santacruz,municipality,Colombia,Narino,Santacruz,NA,52699,NA
Colombia-Narino-Sapuyes,municipality,Colombia,Narino,Sapuyes,NA,52720,NA
Colombia-Narino-Taminango,municipality,Colombia,Narino,Taminango,NA,52786,NA
Colombia-Narino-Tangua,municipality,Colombia,Narino,Tangua,NA,52788,NA
Colombia-Narino-San_Andres_De_Tumaco,municipality,Colombia,Narino,San_Andres_De_Tumaco,NA,52835,NA
Colombia-Narino-Tuquerres,municipality,Colombia,Narino,Tuquerres,NA,52838,NA
Colombia-Narino-Yacuanquer,municipality,Colombia,Narino,Yacuanquer,NA,52885,NA
Colombia-Norte_Santander-Unknown,municipality,Colombia,Norte_Santander,Unknown,NA,54000,NA
Colombia-Norte_Santander-Cucuta,municipality,Colombia,Norte_Santander,Cucuta,NA,54001,NA
Colombia-Norte_Santander-Abrego,municipality,Colombia,Norte_Santander,Abrego,NA,54003,NA
Colombia-Norte_Santander-Arboledas,municipality,Colombia,Norte_Santander,Arboledas,NA,54051,NA
Colombia-Norte_Santander-Bochalema,municipality,Colombia,Norte_Santander,Bochalema,NA,54099,NA
Colombia-Norte_Santander-Bucarasica,municipality,Colombia,Norte_Santander,Bucarasica,NA,54109,NA
Colombia-Norte_Santander-Cacota,municipality,Colombia,Norte_Santander,Cacota,NA,54125,NA
Colombia-Norte_Santander-Cachira,municipality,Colombia,Norte_Santander,Cachira,NA,54128,NA
Colombia-Norte_Santander-Chinacota,municipality,Colombia,Norte_Santander,Chinacota,NA,54172,NA
Colombia-Norte_Santander-Chitaga,municipality,Colombia,Norte_Santander,Chitaga,NA,54174,NA
Colombia-Norte_Santander-Convencion,municipality,Colombia,Norte_Santander,Convencion,NA,54206,NA
Colombia-Norte_Santander-Cucutilla,municipality,Colombia,Norte_Santander,Cucutilla,NA,54223,NA
Colombia-Norte_Santander-Durania,municipality,Colombia,Norte_Santander,Durania,NA,54239,NA
Colombia-Norte_Santander-El_Carmen,municipality,Colombia,Norte_Santander,El_Carmen,NA,54245,NA
Colombia-Norte_Santander-El_Tarra,municipality,Colombia,Norte_Santander,El_Tarra,NA,54250,NA
Colombia-Norte_Santander-El_Zulia,municipality,Colombia,Norte_Santander,El_Zulia,NA,54261,NA
Colombia-Norte_Santander-Gramalote,municipality,Colombia,Norte_Santander,Gramalote,NA,54313,NA
Colombia-Norte_Santander-Hacari,municipality,Colombia,Norte_Santander,Hacari,NA,54344,NA
Colombia-Norte_Santander-Herran,municipality,Colombia,Norte_Santander,Herran,NA,54347,NA
Colombia-Norte_Santander-Labateca,municipality,Colombia,Norte_Santander,Labateca,NA,54377,NA
Colombia-Norte_Santander-La_Esperanza,municipality,Colombia,Norte_Santander,La_Esperanza,NA,54385,NA
Colombia-Norte_Santander-La_Playa,municipality,Colombia,Norte_Santander,La_Playa,NA,54398,NA
Colombia-Norte_Santander-Los_Patios,municipality,Colombia,Norte_Santander,Los_Patios,NA,54405,NA
Colombia-Norte_Santander-Lourdes,municipality,Colombia,Norte_Santander,Lourdes,NA,54418,NA
Colombia-Norte_Santander-Mutiscua,municipality,Colombia,Norte_Santander,Mutiscua,NA,54480,NA
Colombia-Norte_Santander-Ocana,municipality,Colombia,Norte_Santander,Ocana,NA,54498,NA
Colombia-Norte_Santander-Pamplona,municipality,Colombia,Norte_Santander,Pamplona,NA,54518,NA
Colombia-Norte_Santander-Pamplonita,municipality,Colombia,Norte_Santander,Pamplonita,NA,54520,NA
Colombia-Norte_Santander-Puerto_Santander,municipality,Colombia,Norte_Santander,Puerto_Santander,NA,54553,NA
Colombia-Norte_Santander-Ragonvalia,municipality,Colombia,Norte_Santander,Ragonvalia,NA,54599,NA
Colombia-Norte_Santander-Salazar,municipality,Colombia,Norte_Santander,Salazar,NA,54660,NA
Colombia-Norte_Santander-San_Calixto,municipality,Colombia,Norte_Santander,San_Calixto,NA,54670,NA
Colombia-Norte_Santander-San_Cayetano,municipality,Colombia,Norte_Santander,San_Cayetano,NA,54673,NA
Colombia-Norte_Santander-Santiago,municipality,Colombia,Norte_Santander,Santiago,NA,54680,NA
Colombia-Norte_Santander-Sardinata,municipality,Colombia,Norte_Santander,Sardinata,NA,54720,NA
Colombia-Norte_Santander-Silos,municipality,Colombia,Norte_Santander,Silos,NA,54743,NA
Colombia-Norte_Santander-Teorama,municipality,Colombia,Norte_Santander,Teorama,NA,54800,NA
Colombia-Norte_Santander-Tibu,municipality,Colombia,Norte_Santander,Tibu,NA,54810,NA
Colombia-Norte_Santander-Toledo,municipality,Colombia,Norte_Santander,Toledo,NA,54820,NA
Colombia-Norte_Santander-Villa_Caro,municipality,Colombia,Norte_Santander,Villa_Caro,NA,54871,NA
Colombia-Norte_Santander-Villa_Del_Rosario,municipality,Colombia,Norte_Santander,Villa_Del_Rosario,NA,54874,NA
Colombia-Quindio-Unknown,municipality,Colombia,Quindio,Unknown,NA,63000,NA
Colombia-Quindio-Armenia,municipality,Colombia,Quindio,Armenia,NA,63001,NA
Colombia-Quindio-Buenavista,municipality,Colombia,Quindio,Buenavista,NA,63111,NA
Colombia-Quindio-Calarca,municipality,Colombia,Quindio,Calarca,NA,63130,NA
Colombia-Quindio-Circasia,municipality,Colombia,Quindio,Circasia,NA,63190,NA
Colombia-Quindio-Cordoba,municipality,Colombia,Quindio,Cordoba,NA,63212,NA
Colombia-Quindio-Filandia,municipality,Colombia,Quindio,Filandia,NA,63272,NA
Colombia-Quindio-Genova,municipality,Colombia,Quindio,Genova,NA,63302,NA
Colombia-Quindio-La_Tebaida,municipality,Colombia,Quindio,La_Tebaida,NA,63401,NA
Colombia-Quindio-Montenegro,municipality,Colombia,Quindio,Montenegro,NA,63470,NA
Colombia-Quindio-Pijao,municipality,Colombia,Quindio,Pijao,NA,63548,NA
Colombia-Quindio-Quimbaya,municipality,Colombia,Quindio,Quimbaya,NA,63594,NA
Colombia-Quindio-Salento,municipality,Colombia,Quindio,Salento,NA,63690,NA
Colombia-Risaralda-Unknown,municipality,Colombia,Risaralda,Unknown,NA,66000,NA
Colombia-Risaralda-Pereira,municipality,Colombia,Risaralda,Pereira,NA,66001,NA
Colombia-Risaralda-Apia,municipality,Colombia,Risaralda,Apia,NA,66045,NA
Colombia-Risaralda-Balboa,municipality,Colombia,Risaralda,Balboa,NA,66075,NA
Colombia-Risaralda-Belen_De_Umbria,municipality,Colombia,Risaralda,Belen_De_Umbria,NA,66088,NA
Colombia-Risaralda-Dosquebradas,municipality,Colombia,Risaralda,Dosquebradas,NA,66170,NA
Colombia-Risaralda-Guatica,municipality,Colombia,Risaralda,Guatica,NA,66318,NA
Colombia-Risaralda-La_Celia,municipality,Colombia,Risaralda,La_Celia,NA,66383,NA
Colombia-Risaralda-La_Virginia,municipality,Colombia,Risaralda,La_Virginia,NA,66400,NA
Colombia-Risaralda-Marsella,municipality,Colombia,Risaralda,Marsella,NA,66440,NA
Colombia-Risaralda-Mistrato,municipality,Colombia,Risaralda,Mistrato,NA,66456,NA
Colombia-Risaralda-Pueblo_Rico,municipality,Colombia,Risaralda,Pueblo_Rico,NA,66572,NA
Colombia-Risaralda-Quinchia,municipality,Colombia,Risaralda,Quinchia,NA,66594,NA
Colombia-Risaralda-Santa_Rosa_De_Cabal,municipality,Colombia,Risaralda,Santa_Rosa_De_Cabal,NA,66682,NA
Colombia-Risaralda-Santuario,municipality,Colombia,Risaralda,Santuario,NA,66687,NA
Colombia-Santander-Unknown,municipality,Colombia,Santander,Unknown,NA,68000,NA
Colombia-Santander-Bucaramanga,municipality,Colombia,Santander,Bucaramanga,NA,68001,NA
Colombia-Santander-Aguada,municipality,Colombia,Santander,Aguada,NA,68013,NA
Colombia-Santander-Albania,municipality,Colombia,Santander,Albania,NA,68020,NA
Colombia-Santander-Aratoca,municipality,Colombia,Santander,Aratoca,NA,68051,NA
Colombia-Santander-Barbosa,municipality,Colombia,Santander,Barbosa,NA,68077,NA
Colombia-Santander-Barichara,municipality,Colombia,Santander,Barichara,NA,68079,NA
Colombia-Santander-Barrancabermeja,municipality,Colombia,Santander,Barrancabermeja,NA,68081,NA
Colombia-Santander-Betulia,municipality,Colombia,Santander,Betulia,NA,68092,NA
Colombia-Santander-Bolivar,municipality,Colombia,Santander,Bolivar,NA,68101,NA
Colombia-Santander-Cabrera,municipality,Colombia,Santander,Cabrera,NA,68121,NA
Colombia-Santander-California,municipality,Colombia,Santander,California,NA,68132,NA
Colombia-Santander-Capitanejo,municipality,Colombia,Santander,Capitanejo,NA,68147,NA
Colombia-Santander-Carcasi,municipality,Colombia,Santander,Carcasi,NA,68152,NA
Colombia-Santander-Cepita,municipality,Colombia,Santander,Cepita,NA,68160,NA
Colombia-Santander-Cerrito,municipality,Colombia,Santander,Cerrito,NA,68162,NA
Colombia-Santander-Charala,municipality,Colombia,Santander,Charala,NA,68167,NA
Colombia-Santander-Charta,municipality,Colombia,Santander,Charta,NA,68169,NA
Colombia-Santander-Chima,municipality,Colombia,Santander,Chima,NA,68176,NA
Colombia-Santander-Chipata,municipality,Colombia,Santander,Chipata,NA,68179,NA
Colombia-Santander-Cimitarra,municipality,Colombia,Santander,Cimitarra,NA,68190,NA
Colombia-Santander-Concepcion,municipality,Colombia,Santander,Concepcion,NA,68207,NA
Colombia-Santander-Confines,municipality,Colombia,Santander,Confines,NA,68209,NA
Colombia-Santander-Contratacion,municipality,Colombia,Santander,Contratacion,NA,68211,NA
Colombia-Santander-Coromoro,municipality,Colombia,Santander,Coromoro,NA,68217,NA
Colombia-Santander-Curiti,municipality,Colombia,Santander,Curiti,NA,68229,NA
Colombia-Santander-El_Carmen_De_Chucuri,municipality,Colombia,Santander,El_Carmen_De_Chucuri,NA,68235,NA
Colombia-Santander-El_Guacamayo,municipality,Colombia,Santander,El_Guacamayo,NA,68245,NA
Colombia-Santander-El_Penon,municipality,Colombia,Santander,El_Penon,NA,68250,NA
Colombia-Santander-El_Playon,municipality,Colombia,Santander,El_Playon,NA,68255,NA
Colombia-Santander-Encino,municipality,Colombia,Santander,Encino,NA,68264,NA
Colombia-Santander-Enciso,municipality,Colombia,Santander,Enciso,NA,68266,NA
Colombia-Santander-Florian,municipality,Colombia,Santander,Florian,NA,68271,NA
Colombia-Santander-Floridablanca,municipality,Colombia,Santander,Floridablanca,NA,68276,NA
Colombia-Santander-Galan,municipality,Colombia,Santander,Galan,NA,68296,NA
Colombia-Santander-Gambita,municipality,Colombia,Santander,Gambita,NA,68298,NA
Colombia-Santander-Giron,municipality,Colombia,Santander,Giron,NA,68307,NA
Colombia-Santander-Guaca,municipality,Colombia,Santander,Guaca,NA,68318,NA
Colombia-Santander-Guadalupe,municipality,Colombia,Santander,Guadalupe,NA,68320,NA
Colombia-Santander-Guapota,municipality,Colombia,Santander,Guapota,NA,68322,NA
Colombia-Santander-Guavata,municipality,Colombia,Santander,Guavata,NA,68324,NA
Colombia-Santander-Gsepsa,municipality,Colombia,Santander,Gsepsa,NA,68327,NA
Colombia-Santander-Hato,municipality,Colombia,Santander,Hato,NA,68344,NA
Colombia-Santander-Jesus_Maria,municipality,Colombia,Santander,Jesus_Maria,NA,68368,NA
Colombia-Santander-Jordan,municipality,Colombia,Santander,Jordan,NA,68370,NA
Colombia-Santander-La_Belleza,municipality,Colombia,Santander,La_Belleza,NA,68377,NA
Colombia-Santander-Landazuri,municipality,Colombia,Santander,Landazuri,NA,68385,NA
Colombia-Santander-La_Paz,municipality,Colombia,Santander,La_Paz,NA,68397,NA
Colombia-Santander-Lebrija,municipality,Colombia,Santander,Lebrija,NA,68406,NA
Colombia-Santander-Los_Santos,municipality,Colombia,Santander,Los_Santos,NA,68418,NA
Colombia-Santander-Macaravita,municipality,Colombia,Santander,Macaravita,NA,68425,NA
Colombia-Santander-Malaga,municipality,Colombia,Santander,Malaga,NA,68432,NA
Colombia-Santander-Matanza,municipality,Colombia,Santander,Matanza,NA,68444,NA
Colombia-Santander-Mogotes,municipality,Colombia,Santander,Mogotes,NA,68464,NA
Colombia-Santander-Molagavita,municipality,Colombia,Santander,Molagavita,NA,68468,NA
Colombia-Santander-Ocamonte,municipality,Colombia,Santander,Ocamonte,NA,68498,NA
Colombia-Santander-Oiba,municipality,Colombia,Santander,Oiba,NA,68500,NA
Colombia-Santander-Onzaga,municipality,Colombia,Santander,Onzaga,NA,68502,NA
Colombia-Santander-Palmar,municipality,Colombia,Santander,Palmar,NA,68522,NA
Colombia-Santander-Palmas_Del_Socorro,municipality,Colombia,Santander,Palmas_Del_Socorro,NA,68524,NA
Colombia-Santander-Paramo,municipality,Colombia,Santander,Paramo,NA,68533,NA
Colombia-Santander-Piedecuesta,municipality,Colombia,Santander,Piedecuesta,NA,68547,NA
Colombia-Santander-Pinchote,municipality,Colombia,Santander,Pinchote,NA,68549,NA
Colombia-Santander-Puente_Nacional,municipality,Colombia,Santander,Puente_Nacional,NA,68572,NA
Colombia-Santander-Puerto_Parra,municipality,Colombia,Santander,Puerto_Parra,NA,68573,NA
Colombia-Santander-Puerto_Wilches,municipality,Colombia,Santander,Puerto_Wilches,NA,68575,NA
Colombia-Santander-Rionegro,municipality,Colombia,Santander,Rionegro,NA,68615,NA
Colombia-Santander-Sabana_De_Torres,municipality,Colombia,Santander,Sabana_De_Torres,NA,68655,NA
Colombia-Santander-San_Andres,municipality,Colombia,Santander,San_Andres,NA,68669,NA
Colombia-Santander-San_Benito,municipality,Colombia,Santander,San_Benito,NA,68673,NA
Colombia-Santander-San_Gil,municipality,Colombia,Santander,San_Gil,NA,68679,NA
Colombia-Santander-San_Joaquin,municipality,Colombia,Santander,San_Joaquin,NA,68682,NA
Colombia-Santander-San_Jose_De_Miranda,municipality,Colombia,Santander,San_Jose_De_Miranda,NA,68684,NA
Colombia-Santander-San_Miguel,municipality,Colombia,Santander,San_Miguel,NA,68686,NA
Colombia-Santander-San_Vicente_De_Chucuri,municipality,Colombia,Santander,San_Vicente_De_Chucuri,NA,68689,NA
Colombia-Santander-Santa_Barbara,municipality,Colombia,Santander,Santa_Barbara,NA,68705,NA
Colombia-Santander-Santa_Helena_Del_Opon,municipality,Colombia,Santander,Santa_Helena_Del_Opon,NA,68720,NA
Colombia-Santander-Simacota,municipality,Colombia,Santander,Simacota,NA,68745,NA
Colombia-Santander-Socorro,municipality,Colombia,Santander,Socorro,NA,68755,NA
Colombia-Santander-Suaita,municipality,Colombia,Santander,Suaita,NA,68770,NA
Colombia-Santander-Sucre,municipality,Colombia,Santander,Sucre,NA,68773,NA
Colombia-Santander-Surata,municipality,Colombia,Santander,Surata,NA,68780,NA
Colombia-Santander-Tona,municipality,Colombia,Santander,Tona,NA,68820,NA
Colombia-Santander-Valle_De_San_Jose,municipality,Colombia,Santander,Valle_De_San_Jose,NA,68855,NA
Colombia-Santander-Velez,municipality,Colombia,Santander,Velez,NA,68861,NA
Colombia-Santander-Vetas,municipality,Colombia,Santander,Vetas,NA,68867,NA
Colombia-Santander-Villanueva,municipality,Colombia,Santander,Villanueva,NA,68872,NA
Colombia-Santander-Zapatoca,municipality,Colombia,Santander,Zapatoca,NA,68895,NA
Colombia-Sucre-Unknown,municipality,Colombia,Sucre,Unknown,NA,70000,NA
Colombia-Sucre-Sincelejo,municipality,Colombia,Sucre,Sincelejo,NA,70001,NA
Colombia-Sucre-Buenavista,municipality,Colombia,Sucre,Buenavista,NA,70110,NA
Colombia-Sucre-Caimito,municipality,Colombia,Sucre,Caimito,NA,70124,NA
Colombia-Sucre-Coloso,municipality,Colombia,Sucre,Coloso,NA,70204,NA
Colombia-Sucre-Corozal,municipality,Colombia,Sucre,Corozal,NA,70215,NA
Colombia-Sucre-Covenas,municipality,Colombia,Sucre,Covenas,NA,70221,NA
Colombia-Sucre-Chalan,municipality,Colombia,Sucre,Chalan,NA,70230,NA
Colombia-Sucre-El_Roble,municipality,Colombia,Sucre,El_Roble,NA,70233,NA
Colombia-Sucre-Galeras,municipality,Colombia,Sucre,Galeras,NA,70235,NA
Colombia-Sucre-Guaranda,municipality,Colombia,Sucre,Guaranda,NA,70265,NA
Colombia-Sucre-La_Union,municipality,Colombia,Sucre,La_Union,NA,70400,NA
Colombia-Sucre-Los_Palmitos,municipality,Colombia,Sucre,Los_Palmitos,NA,70418,NA
Colombia-Sucre-Majagual,municipality,Colombia,Sucre,Majagual,NA,70429,NA
Colombia-Sucre-Morroa,municipality,Colombia,Sucre,Morroa,NA,70473,NA
Colombia-Sucre-Ovejas,municipality,Colombia,Sucre,Ovejas,NA,70508,NA
Colombia-Sucre-Palmito,municipality,Colombia,Sucre,Palmito,NA,70523,NA
Colombia-Sucre-Sampues,municipality,Colombia,Sucre,Sampues,NA,70670,NA
Colombia-Sucre-San_Benito_Abad,municipality,Colombia,Sucre,San_Benito_Abad,NA,70678,NA
Colombia-Sucre-San_Juan_De_Betulia,municipality,Colombia,Sucre,San_Juan_De_Betulia,NA,70702,NA
Colombia-Sucre-San_Marcos,municipality,Colombia,Sucre,San_Marcos,NA,70708,NA
Colombia-Sucre-San_Onofre,municipality,Colombia,Sucre,San_Onofre,NA,70713,NA
Colombia-Sucre-San_Pedro,municipality,Colombia,Sucre,San_Pedro,NA,70717,NA
Colombia-Sucre-San_Luis_De_Since,municipality,Colombia,Sucre,San_Luis_De_Since,NA,70742,NA
Colombia-Sucre-Sucre,municipality,Colombia,Sucre,Sucre,NA,70771,NA
Colombia-Sucre-Santiago_De_Tolu,municipality,Colombia,Sucre,Santiago_De_Tolu,NA,70820,NA
Colombia-Sucre-Tolu_Viejo,municipality,Colombia,Sucre,Tolu_Viejo,NA,70823,NA
Colombia-Tolima-Unknown,municipality,Colombia,Tolima,Unknown,NA,73000,NA
Colombia-Tolima-Ibague,municipality,Colombia,Tolima,Ibague,NA,73001,NA
Colombia-Tolima-Alpujarra,municipality,Colombia,Tolima,Alpujarra,NA,73024,NA
Colombia-Tolima-Alvarado,municipality,Colombia,Tolima,Alvarado,NA,73026,NA
Colombia-Tolima-Ambalema,municipality,Colombia,Tolima,Ambalema,NA,73030,NA
Colombia-Tolima-Anzoategui,municipality,Colombia,Tolima,Anzoategui,NA,73043,NA
Colombia-Tolima-Armero,municipality,Colombia,Tolima,Armero,NA,73055,NA
Colombia-Tolima-Ataco,municipality,Colombia,Tolima,Ataco,NA,73067,NA
Colombia-Tolima-Cajamarca,municipality,Colombia,Tolima,Cajamarca,NA,73124,NA
Colombia-Tolima-Carmen_De_Apicala,municipality,Colombia,Tolima,Carmen_De_Apicala,NA,73148,NA
Colombia-Tolima-Casabianca,municipality,Colombia,Tolima,Casabianca,NA,73152,NA
Colombia-Tolima-Chaparral,municipality,Colombia,Tolima,Chaparral,NA,73168,NA
Colombia-Tolima-Coello,municipality,Colombia,Tolima,Coello,NA,73200,NA
Colombia-Tolima-Coyaima,municipality,Colombia,Tolima,Coyaima,NA,73217,NA
Colombia-Tolima-Cunday,municipality,Colombia,Tolima,Cunday,NA,73226,NA
Colombia-Tolima-Dolores,municipality,Colombia,Tolima,Dolores,NA,73236,NA
Colombia-Tolima-Espinal,municipality,Colombia,Tolima,Espinal,NA,73268,NA
Colombia-Tolima-Falan,municipality,Colombia,Tolima,Falan,NA,73270,NA
Colombia-Tolima-Flandes,municipality,Colombia,Tolima,Flandes,NA,73275,NA
Colombia-Tolima-Fresno,municipality,Colombia,Tolima,Fresno,NA,73283,NA
Colombia-Tolima-Guamo,municipality,Colombia,Tolima,Guamo,NA,73319,NA
Colombia-Tolima-Herveo,municipality,Colombia,Tolima,Herveo,NA,73347,NA
Colombia-Tolima-Honda,municipality,Colombia,Tolima,Honda,NA,73349,NA
Colombia-Tolima-Icononzo,municipality,Colombia,Tolima,Icononzo,NA,73352,NA
Colombia-Tolima-Lerida,municipality,Colombia,Tolima,Lerida,NA,73408,NA
Colombia-Tolima-Libano,municipality,Colombia,Tolima,Libano,NA,73411,NA
Colombia-Tolima-Mariquita,municipality,Colombia,Tolima,Mariquita,NA,73443,NA
Colombia-Tolima-Melgar,municipality,Colombia,Tolima,Melgar,NA,73449,NA
Colombia-Tolima-Murillo,municipality,Colombia,Tolima,Murillo,NA,73461,NA
Colombia-Tolima-Natagaima,municipality,Colombia,Tolima,Natagaima,NA,73483,NA
Colombia-Tolima-Ortega,municipality,Colombia,Tolima,Ortega,NA,73504,NA
Colombia-Tolima-Palocabildo,municipality,Colombia,Tolima,Palocabildo,NA,73520,NA
Colombia-Tolima-Piedras,municipality,Colombia,Tolima,Piedras,NA,73547,NA
Colombia-Tolima-Planadas,municipality,Colombia,Tolima,Planadas,NA,73555,NA
Colombia-Tolima-Prado,municipality,Colombia,Tolima,Prado,NA,73563,NA
Colombia-Tolima-Purificacion,municipality,Colombia,Tolima,Purificacion,NA,73585,NA
Colombia-Tolima-Rioblanco,municipality,Colombia,Tolima,Rioblanco,NA,73616,NA
Colombia-Tolima-Roncesvalles,municipality,Colombia,Tolima,Roncesvalles,NA,73622,NA
Colombia-Tolima-Rovira,municipality,Colombia,Tolima,Rovira,NA,73624,NA
Colombia-Tolima-Saldana,municipality,Colombia,Tolima,Saldana,NA,73671,NA
Colombia-Tolima-San_Antonio,municipality,Colombia,Tolima,San_Antonio,NA,73675,NA
Colombia-Tolima-San_Luis,municipality,Colombia,Tolima,San_Luis,NA,73678,NA
Colombia-Tolima-Santa_Isabel,municipality,Colombia,Tolima,Santa_Isabel,NA,73686,NA
Colombia-Tolima-Suarez,municipality,Colombia,Tolima,Suarez,NA,73770,NA
Colombia-Tolima-Valle_De_San_Juan,municipality,Colombia,Tolima,Valle_De_San_Juan,NA,73854,NA
Colombia-Tolima-Venadillo,municipality,Colombia,Tolima,Venadillo,NA,73861,NA
Colombia-Tolima-Villahermosa,municipality,Colombia,Tolima,Villahermosa,NA,73870,NA
Colombia-Tolima-Villarrica,municipality,Colombia,Tolima,Villarrica,NA,73873,NA
Colombia-Valle_Del_Cauca-Unknown,municipality,Colombia,Valle_Del_Cauca,Unknown,NA,76000,NA
Colombia-Valle_Del_Cauca-Cali,municipality,Colombia,Valle_Del_Cauca,Cali,NA,76001,NA
Colombia-Valle_Del_Cauca-Alcala,municipality,Colombia,Valle_Del_Cauca,Alcala,NA,76020,NA
Colombia-Valle_Del_Cauca-Andalucia,municipality,Colombia,Valle_Del_Cauca,Andalucia,NA,76036,NA
Colombia-Valle_Del_Cauca-Ansermanuevo,municipality,Colombia,Valle_Del_Cauca,Ansermanuevo,NA,76041,NA
Colombia-Valle_Del_Cauca-Argelia,municipality,Colombia,Valle_Del_Cauca,Argelia,NA,76054,NA
Colombia-Valle_Del_Cauca-Bolivar,municipality,Colombia,Valle_Del_Cauca,Bolivar,NA,76100,NA
Colombia-Valle_Del_Cauca-Buenaventura,municipality,Colombia,Valle_Del_Cauca,Buenaventura,NA,76109,NA
Colombia-Valle_Del_Cauca-Guadalajara_De_Buga,municipality,Colombia,Valle_Del_Cauca,Guadalajara_De_Buga,NA,76111,NA
Colombia-Valle_Del_Cauca-Bugalagrande,municipality,Colombia,Valle_Del_Cauca,Bugalagrande,NA,76113,NA
Colombia-Valle_Del_Cauca-Caicedonia,municipality,Colombia,Valle_Del_Cauca,Caicedonia,NA,76122,NA
Colombia-Valle_Del_Cauca-Calima,municipality,Colombia,Valle_Del_Cauca,Calima,NA,76126,NA
Colombia-Valle_Del_Cauca-Candelaria,municipality,Colombia,Valle_Del_Cauca,Candelaria,NA,76130,NA
Colombia-Valle_Del_Cauca-Cartago,municipality,Colombia,Valle_Del_Cauca,Cartago,NA,76147,NA
Colombia-Valle_Del_Cauca-Dagua,municipality,Colombia,Valle_Del_Cauca,Dagua,NA,76233,NA
Colombia-Valle_Del_Cauca-El_Aguila,municipality,Colombia,Valle_Del_Cauca,El_Aguila,NA,76243,NA
Colombia-Valle_Del_Cauca-El_Cairo,municipality,Colombia,Valle_Del_Cauca,El_Cairo,NA,76246,NA
Colombia-Valle_Del_Cauca-El_Cerrito,municipality,Colombia,Valle_Del_Cauca,El_Cerrito,NA,76248,NA
Colombia-Valle_Del_Cauca-El_Dovio,municipality,Colombia,Valle_Del_Cauca,El_Dovio,NA,76250,NA
Colombia-Valle_Del_Cauca-Florida,municipality,Colombia,Valle_Del_Cauca,Florida,NA,76275,NA
Colombia-Valle_Del_Cauca-Ginebra,municipality,Colombia,Valle_Del_Cauca,Ginebra,NA,76306,NA
Colombia-Valle_Del_Cauca-Guacari,municipality,Colombia,Valle_Del_Cauca,Guacari,NA,76318,NA
Colombia-Valle_Del_Cauca-Jamundi,municipality,Colombia,Valle_Del_Cauca,Jamundi,NA,76364,NA
Colombia-Valle_Del_Cauca-La_Cumbre,municipality,Colombia,Valle_Del_Cauca,La_Cumbre,NA,76377,NA
Colombia-Valle_Del_Cauca-La_Union,municipality,Colombia,Valle_Del_Cauca,La_Union,NA,76400,NA
Colombia-Valle_Del_Cauca-La_Victoria,municipality,Colombia,Valle_Del_Cauca,La_Victoria,NA,76403,NA
Colombia-Valle_Del_Cauca-Obando,municipality,Colombia,Valle_Del_Cauca,Obando,NA,76497,NA
Colombia-Valle_Del_Cauca-Palmira,municipality,Colombia,Valle_Del_Cauca,Palmira,NA,76520,NA
Colombia-Valle_Del_Cauca-Pradera,municipality,Colombia,Valle_Del_Cauca,Pradera,NA,76563,NA
Colombia-Valle_Del_Cauca-Restrepo,municipality,Colombia,Valle_Del_Cauca,Restrepo,NA,76606,NA
Colombia-Valle_Del_Cauca-Riofrio,municipality,Colombia,Valle_Del_Cauca,Riofrio,NA,76616,NA
Colombia-Valle_Del_Cauca-Roldanillo,municipality,Colombia,Valle_Del_Cauca,Roldanillo,NA,76622,NA
Colombia-Valle_Del_Cauca-San_Pedro,municipality,Colombia,Valle_Del_Cauca,San_Pedro,NA,76670,NA
Colombia-Valle_Del_Cauca-Sevilla,municipality,Colombia,Valle_Del_Cauca,Sevilla,NA,76736,NA
Colombia-Valle_Del_Cauca-Toro,municipality,Colombia,Valle_Del_Cauca,Toro,NA,76823,NA
Colombia-Valle_Del_Cauca-Trujillo,municipality,Colombia,Valle_Del_Cauca,Trujillo,NA,76828,NA
Colombia-Valle_Del_Cauca-Tulua,municipality,Colombia,Valle_Del_Cauca,Tulua,NA,76834,NA
Colombia-Valle_Del_Cauca-Ulloa,municipality,Colombia,Valle_Del_Cauca,Ulloa,NA,76845,NA
Colombia-Valle_Del_Cauca-Versalles,municipality,Colombia,Valle_Del_Cauca,Versalles,NA,76863,NA
Colombia-Valle_Del_Cauca-Vijes,municipality,Colombia,Valle_Del_Cauca,Vijes,NA,76869,NA
Colombia-Valle_Del_Cauca-Yotoco,municipality,Colombia,Valle_Del_Cauca,Yotoco,NA,76890,NA
Colombia-Valle_Del_Cauca-Yumbo,municipality,Colombia,Valle_Del_Cauca,Yumbo,NA,76892,NA
Colombia-Valle_Del_Cauca-Zarzal,municipality,Colombia,Valle_Del_Cauca,Zarzal,NA,76895,NA
Colombia-Arauca-Unknown,municipality,Colombia,Arauca,Unknown,NA,81000,NA
Colombia-Arauca-Arauca,municipality,Colombia,Arauca,Arauca,NA,81001,NA
Colombia-Arauca-Arauquita,municipality,Colombia,Arauca,Arauquita,NA,81065,NA
Colombia-Arauca-Cravo_Norte,municipality,Colombia,Arauca,Cravo_Norte,NA,81220,NA
Colombia-Arauca-Fortul,municipality,Colombia,Arauca,Fortul,NA,81300,NA
Colombia-Arauca-Puerto_Rondon,municipality,Colombia,Arauca,Puerto_Rondon,NA,81591,NA
Colombia-Arauca-Saravena,municipality,Colombia,Arauca,Saravena,NA,81736,NA
Colombia-Arauca-Tame,municipality,Colombia,Arauca,Tame,NA,81794,NA
Colombia-Casanare-Unknown,municipality,Colombia,Casanare,Unknown,NA,85000,NA
Colombia-Casanare-Yopal,municipality,Colombia,Casanare,Yopal,NA,85001,NA
Colombia-Casanare-Aguazul,municipality,Colombia,Casanare,Aguazul,NA,85010,NA
Colombia-Casanare-Chameza,municipality,Colombia,Casanare,Chameza,NA,85015,NA
Colombia-Casanare-Hato_Corozal,municipality,Colombia,Casanare,Hato_Corozal,NA,85125,NA
Colombia-Casanare-La_Salina,municipality,Colombia,Casanare,La_Salina,NA,85136,NA
Colombia-Casanare-Mani,municipality,Colombia,Casanare,Mani,NA,85139,NA
Colombia-Casanare-Monterrey,municipality,Colombia,Casanare,Monterrey,NA,85162,NA
Colombia-Casanare-Nunchia,municipality,Colombia,Casanare,Nunchia,NA,85225,NA
Colombia-Casanare-Orocue,municipality,Colombia,Casanare,Orocue,NA,85230,NA
Colombia-Casanare-Paz_De_Ariporo,municipality,Colombia,Casanare,Paz_De_Ariporo,NA,85250,NA
Colombia-Casanare-Pore,municipality,Colombia,Casanare,Pore,NA,85263,NA
Colombia-Casanare-Recetor,municipality,Colombia,Casanare,Recetor,NA,85279,NA
Colombia-Casanare-Sabanalarga,municipality,Colombia,Casanare,Sabanalarga,NA,85300,NA
Colombia-Casanare-Sacama,municipality,Colombia,Casanare,Sacama,NA,85315,NA
Colombia-Casanare-San_Luis_De_Palenque,municipality,Colombia,Casanare,San_Luis_De_Palenque,NA,85325,NA
Colombia-Casanare-Tamara,municipality,Colombia,Casanare,Tamara,NA,85400,NA
Colombia-Casanare-Tauramena,municipality,Colombia,Casanare,Tauramena,NA,85410,NA
Colombia-Casanare-Trinidad,municipality,Colombia,Casanare,Trinidad,NA,85430,NA
Colombia-Casanare-Villanueva,municipality,Colombia,Casanare,Villanueva,NA,85440,NA
Colombia-Putumayo-Unknown,municipality,Colombia,Putumayo,Unknown,NA,86000,NA
Colombia-Putumayo-Mocoa,municipality,Colombia,Putumayo,Mocoa,NA,86001,NA
Colombia-Putumayo-Colon,municipality,Colombia,Putumayo,Colon,NA,86219,NA
Colombia-Putumayo-Orito,municipality,Colombia,Putumayo,Orito,NA,86320,NA
Colombia-Putumayo-Puerto_Asis,municipality,Colombia,Putumayo,Puerto_Asis,NA,86568,NA
Colombia-Putumayo-Puerto_Caicedo,municipality,Colombia,Putumayo,Puerto_Caicedo,NA,86569,NA
Colombia-Putumayo-Puerto_Guzman,municipality,Colombia,Putumayo,Puerto_Guzman,NA,86571,NA
Colombia-Putumayo-Leguizamo,municipality,Colombia,Putumayo,Leguizamo,NA,86573,NA
Colombia-Putumayo-Sibundoy,municipality,Colombia,Putumayo,Sibundoy,NA,86749,NA
Colombia-Putumayo-San_Francisco,municipality,Colombia,Putumayo,San_Francisco,NA,86755,NA
Colombia-Putumayo-San_Miguel,municipality,Colombia,Putumayo,San_Miguel,NA,86757,NA
Colombia-Putumayo-Santiago,municipality,Colombia,Putumayo,Santiago,NA,86760,NA
Colombia-Putumayo-Valle_Del_Guamuez,municipality,Colombia,Putumayo,Valle_Del_Guamuez,NA,86865,NA
Colombia-Putumayo-Villagarzon,municipality,Colombia,Putumayo,Villagarzon,NA,86885,NA
Colombia-San_Andres-Unknown,municipality,Colombia,San_Andres,Unknown,NA,88000,NA
Colombia-San_Andres-San_Andres,municipality,Colombia,San_Andres,San_Andres,NA,88001,NA
Colombia-San_Andres-Providencia,municipality,Colombia,San_Andres,Providencia,NA,88564,NA
Colombia-Amazonas-Unknown,municipality,Colombia,Amazonas,Unknown,NA,91000,NA
Colombia-Amazonas-Leticia,municipality,Colombia,Amazonas,Leticia,NA,91001,NA
Colombia-Amazonas-El_Encanto,municipality,Colombia,Amazonas,El_Encanto,NA,91263,NA
Colombia-Amazonas-La_Chorrera,municipality,Colombia,Amazonas,La_Chorrera,NA,91405,NA
Colombia-Amazonas-La_Pedrera,municipality,Colombia,Amazonas,La_Pedrera,NA,91407,NA
Colombia-Amazonas-La_Victoria,municipality,Colombia,Amazonas,La_Victoria,NA,91430,NA
Colombia-Amazonas-Miriti_Parana,municipality,Colombia,Amazonas,Miriti_Parana,NA,91460,NA
Colombia-Amazonas-Puerto_Alegria,municipality,Colombia,Amazonas,Puerto_Alegria,NA,91530,NA
Colombia-Amazonas-Puerto_Arica,municipality,Colombia,Amazonas,Puerto_Arica,NA,91536,NA
Colombia-Amazonas-Puerto_Narino,municipality,Colombia,Amazonas,Puerto_Narino,NA,91540,NA
Colombia-Amazonas-Puerto_Santander,municipality,Colombia,Amazonas,Puerto_Santander,NA,91669,NA
Colombia-Amazonas-Tarapaca,municipality,Colombia,Amazonas,Tarapaca,NA,91798,NA
Colombia-Guainia-Unknown,municipality,Colombia,Guainia,Unknown,NA,94000,NA
Colombia-Guainia-Inirida,municipality,Colombia,Guainia,Inirida,NA,94001,NA
Colombia-Guainia-Barranco_Minas,municipality,Colombia,Guainia,Barranco_Minas,NA,94343,NA
Colombia-Guainia-Mapiripana,municipality,Colombia,Guainia,Mapiripana,NA,94663,NA
Colombia-Guainia-San_Felipe,municipality,Colombia,Guainia,San_Felipe,NA,94883,NA
Colombia-Guainia-Puerto_Colombia,municipality,Colombia,Guainia,Puerto_Colombia,NA,94884,NA
Colombia-Guainia-La_Guadalupe,municipality,Colombia,Guainia,La_Guadalupe,NA,94885,NA
Colombia-Guainia-Cacahual,municipality,Colombia,Guainia,Cacahual,NA,94886,NA
Colombia-Guainia-Pana_Pana,municipality,Colombia,Guainia,Pana_Pana,NA,94887,NA
Colombia-Guainia-Morichal,municipality,Colombia,Guainia,Morichal,NA,94888,NA
Colombia-Guaviare-Unknown,municipality,Colombia,Guaviare,Unknown,NA,95000,NA
Colombia-Guaviare-San_Jose_Del_Guaviare,municipality,Colombia,Guaviare,San_Jose_Del_Guaviare,NA,95001,NA
Colombia-Guaviare-Calamar,municipality,Colombia,Guaviare,Calamar,NA,95015,NA
Colombia-Guaviare-El_Retorno,municipality,Colombia,Guaviare,El_Retorno,NA,95025,NA
Colombia-Guaviare-Miraflores,municipality,Colombia,Guaviare,Miraflores,NA,95200,NA
Colombia-Vaupes-Unknown,municipality,Colombia,Vaupes,Unknown,NA,97000,NA
Colombia-Vaupes-Mitu,municipality,Colombia,Vaupes,Mitu,NA,97001,NA
Colombia-Vaupes-Caruru,municipality,Colombia,Vaupes,Caruru,NA,97161,NA
Colombia-Vaupes-Pacoa,municipality,Colombia,Vaupes,Pacoa,NA,97511,NA
Colombia-Vaupes-Taraira,municipality,Colombia,Vaupes,Taraira,NA,97666,NA
Colombia-Vaupes-Papunaua,municipality,Colombia,Vaupes,Papunaua,NA,97777,NA
Colombia-Vaupes-Yavarate,municipality,Colombia,Vaupes,Yavarate,NA,97889,NA
Colombia-Vichada-Unknown,municipality,Colombia,Vichada,Unknown,NA,99000,NA
Colombia-Vichada-Puerto_Carreno,municipality,Colombia,Vichada,Puerto_Carreno,NA,99001,NA
Colombia-Vichada-La_Primavera,municipality,Colombia,Vichada,La_Primavera,NA,99524,NA
Colombia-Vichada-Santa_Rosalia,municipality,Colombia,Vichada,Santa_Rosalia,NA,99624,NA
Colombia-Vichada-Cumaribo,municipality,Colombia,Vichada,Cumaribo,NA,99773,NA
Colombia-Desconocido-Desconocido,municipality,Colombia,Desconocido,Desconocido,NA,,NA
Colombia-Bogota-Bogota,municipality,Colombia,Bogota,Bogota,NA,11001,NA
Colombia-Bogota-Bogota_DC,municipality,Colombia,Bogota,Bogota_DC,NA,11001,NA
Colombia-Bogota-Usaquen_Los_Cedros,municipality,Colombia,Bogota,Usaquen_Los_Cedros,NA,NA,NA
Colombia-Bogota-Usaquen_Santa_Barbara,municipality,Colombia,Bogota,Usaquen_Santa_Barbara,NA,NA,NA
Colombia-Bogota-Barrios_Unidos_Los_Andes,municipality,Colombia,Bogota,Barrios_Unidos_Los_Andes,NA,NA,NA
Colombia-Bogota-Barrios_Unidos_12_De_Octubre,municipality,Colombia,Bogota,Barrios_Unidos_12_De_Octubre,NA,NA,NA
Colombia-Bogota-San_Cristobal_Sociego,municipality,Colombia,Bogota,San_Cristobal_Sociego,NA,NA,NA
Colombia-Bogota-Tunjuelito_Venecia,municipality,Colombia,Bogota,Tunjuelito_Venecia,NA,NA,NA
Colombia-Bogota-Puente_Aranda_San_Rafael,municipality,Colombia,Bogota,Puente_Aranda_San_Rafael,NA,NA,NA
Colombia-Bogota-Kennedy_Americas,municipality,Colombia,Bogota,Kennedy_Americas,NA,NA,NA
Colombia-Bogota-Kennedy_Kennedy_Central,municipality,Colombia,Bogota,Kennedy_Kennedy_Central,NA,NA,NA
Colombia-Bogota-Tunjuelito_Tunjuelito,municipality,Colombia,Bogota,Tunjuelito_Tunjuelito,NA,NA,NA
Colombia-Bogota-Ciudad_Bolivar_San_Francisco,municipality,Colombia,Bogota,Ciudad_Bolivar_San_Francisco,NA,NA,NA
Colombia-Bogota-Engativa_Engativa,municipality,Colombia,Bogota,Engativa_Engativa,NA,NA,NA
Colombia-Bogota-Fontibon_Fontibon,municipality,Colombia,Bogota,Fontibon_Fontibon,NA,NA,NA
Colombia-Bogota-Bosa_Bosa_Central,municipality,Colombia,Bogota,Bosa_Bosa_Central,NA,NA,NA
Colombia-Bogota-Bosa_Tintal_Sur,municipality,Colombia,Bogota,Bosa_Tintal_Sur,NA,NA,NA
Colombia-Bogota-La_Candelaria_La_Candelaria,municipality,Colombia,Bogota,La_Candelaria_La_Candelaria,NA,NA,NA
Colombia-Bogota-Chapinero_Chico_Lago,municipality,Colombia,Bogota,Chapinero_Chico_Lago,NA,NA,NA
Colombia-Bogota-Chapinero_Chapinero,municipality,Colombia,Bogota,Chapinero_Chapinero,NA,NA,NA
Colombia-Bogota-Teusaquillo_Teusaquillo,municipality,Colombia,Bogota,Teusaquillo_Teusaquillo,NA,NA,NA
Colombia-Bogota-Teusaquillo_La_Esmeralda,municipality,Colombia,Bogota,Teusaquillo_La_Esmeralda,NA,NA,NA
Colombia-Bogota-Teusaquillo_Quinta_Paredes,municipality,Colombia,Bogota,Teusaquillo_Quinta_Paredes,NA,NA,NA
Colombia-Bogota-Teusaquillo_Ciudad_Salitre_Oriental,municipality,Colombia,Bogota,Teusaquillo_Ciudad_Salitre_Oriental,NA,NA,NA
Colombia-Sucre-Tolu,municipality,Colombia,Sucre,Tolu,NA,70820,NA
Colombia-Sucre-Toluviejo,municipality,Colombia,Sucre,Toluviejo,NA,70823,NA
Colombia-Tolima-Armero_Guayabal,municipality,Colombia,Tolima,Armero_Guayabal,NA,73055,NA
Colombia-unknown-unknown,municipality,Colombia,unknown,unknown,NA,NA,NA
Colombia-Valle,province,Colombia,Valle,NA,NA,NA,NA
Colombia-Bolivar,province,Colombia,Bolivar,NA,NA,NA,NA
Colombia-Norte_Santander,province,Colombia,NorteSantander,NA,NA,NA,NA
Colombia-Barranquilla,province,Colombia,Barranquilla,NA,NA,NA,NA
Colombia-Huila,province,Colombia,Huila,NA,NA,NA,NA
Colombia-Santander,province,Colombia,Santander,NA,NA,NA,NA
Colombia-Cordoba,province,Colombia,Cordoba,NA,NA,NA,NA
Colombia-Meta,province,Colombia,Meta,NA,NA,NA,NA
Colombia-Tolima,province,Colombia,Tolima,NA,NA,NA,NA
Colombia-Atlantico,province,Colombia,Atlantico,NA,NA,NA,NA
Colombia-Cesar,province,Colombia,Cesar,NA,NA,NA,NA
Colombia-Antioquia,province,Colombia,Antioquia,NA,NA,NA,NA
Colombia-Casanare,province,Colombia,Casanare,NA,NA,NA,NA
Colombia-Santa_Marta,province,Colombia,SantaMarta,NA,NA,NA,NA
Colombia-Sucre,province,Colombia,Sucre,NA,NA,NA,NA
Colombia-Magdalena,province,Colombia,Magdalena,NA,NA,NA,NA
Colombia-Bogota,province,Colombia,Bogota,NA,NA,NA,NA
Colombia-Caqueta,province,Colombia,Caqueta,NA,NA,NA,NA
Colombia-Cundinamarca,province,Colombia,Cundinamarca,NA,NA,NA,NA
Colombia-Arauca,province,Colombia,Arauca,NA,NA,NA,NA
Colombia-Guajira,province,Colombia,Guajira,NA,NA,NA,NA
Colombia-Risaralda,province,Colombia,Risaralda,NA,NA,NA,NA
Colombia-Putumayo,province,Colombia,Putumayo,NA,NA,NA,NA
Colombia-Cartagena,province,Colombia,Cartagena,NA,NA,NA,NA
Colombia-Cauca,province,Colombia,Cauca,NA,NA,NA,NA
Colombia-Quindio,province,Colombia,Quindio,NA,NA,NA,NA
Colombia-Caldas,province,Colombia,Caldas,NA,NA,NA,NA
Colombia-Amazonas,province,Colombia,Amazonas,NA,NA,NA,NA
Colombia-Boyaca,province,Colombia,Boyaca,NA,NA,NA,NA
Colombia-San_Andres,province,Colombia,San_Andra,NA,NA,NA,NA
Colombia-Buenaventura,province,Colombia,Buenaventura,NA,NA,NA,NA
Colombia-Narino,province,Colombia,Narino,NA,NA,NA,NA
Colombia-Guaviare,province,Colombia,Guaviare,NA,NA,NA,NA
Colombia-Vichada,province,Colombia,Vichada,NA,NA,NA,NA
Colombia-Choco,province,Colombia,Choco,NA,NA,NA,NA
Colombia-Vaupes,province,Colombia,Vaupa,NA,NA,NA,NA
Colombia-Guainia,province,Colombia,Guainia,NA,NA,NA,NA
Colombia-Exterior,province,Colombia,Exterior,NA,NA,NA,NA
Colombia-unknown,province,Colombia,Unknown,NA,NA,NA,NA
Colombia-desconocido,province,Colombia,desconocido,NA,NA,NA,NA
